text,label
"Antrian layanan KK di kantor kecamatan terlalu lama, pelayanan menjadi terhambat.",Administrasi
"Antrian layanan KTP di loket pelayanan tertunda, warga harus bolak-balik.",Administrasi
"Area dekat pasar rawan begal, terutama malam hari.",Keamanan
Pengurusan akta kelahiran di kelurahan tidak jelas sehingga informasi tidak jelas.,Administrasi
Banjir terjadi di sekitar puskesmas akibat gorong-gorong tersumbat. Genangan mencapai 50 cm.,Banjir
"Area jalan utama rawan pencurian, terutama akhir pekan.",Keamanan
jalan di gang kecil berlubang dan menyebabkan kemacetan.,Infrastruktur
Pengangkutan sampah di RW 05 meluap sehingga menimbulkan bau menyengat.,Kebersihan
Warga melaporkan vandalisme di area parkir yang membahayakan pengguna jalan.,Keamanan
"Mohon penanganan banjir di komplek perumahan, air setinggi 20 cm sejak 3 jam.",Banjir
Jalan berlubang di jalan menuju halte sehingga membuat warga kesulitan lewat.,Infrastruktur
Drainase di perempatan bermasalah sehingga terjadi banjir 2 hari.,Banjir
"Mohon perbaikan jalan yang ambrol di RW 05, karena menyebabkan kemacetan.",Infrastruktur
Warga melaporkan begal di jalan utama yang membahayakan pengguna jalan.,Keamanan
"Sistem layanan kelurahan untuk surat domisili tidak jelas, sehingga pengajuan tertunda.",Administrasi
Pengangkutan sampah di dekat balai warga menumpuk sehingga mengganggu aktivitas masyarakat.,Kebersihan
"Air meluap di perempatan karena selokan penuh sampah, kondisi berlangsung 3 jam.",Banjir
"Air meluap di komplek perumahan karena drainase tersumbat, kondisi berlangsung 1 jam.",Banjir
"Antrian layanan KTP di kantor desa terlalu lama, waktu tunggu terlalu lama.",Administrasi
"Area jalan utama rawan vandalisme, terutama dini hari.",Keamanan
Pengangkutan sampah di dekat balai warga penuh sehingga mengundang lalat.,Kebersihan
Warga mengeluhkan layanan surat pindah di loket pelayanan karena informasi tidak jelas.,Administrasi
Mohon peningkatan keamanan di area parkir karena terjadi parkir liar.,Keamanan
"Air meluap di RW 05 karena hujan deras, kondisi berlangsung sejak hujan deras.",Banjir
"Sering terjadi pencurian di area parkir pada dini hari, mohon patroli.",Keamanan
Warga mengeluhkan layanan KK di kelurahan karena waktu tunggu terlalu lama.,Administrasi
"Saat hujan deras, jalan utama tergenang hingga 50 cm karena selokan penuh sampah.",Banjir
"Area jalan utama rawan balap liar, terutama sore hari.",Keamanan
jembatan di jalan menuju halte rusak dan membuat warga kesulitan lewat.,Infrastruktur
"Saat hujan deras, perempatan tergenang hingga 50 cm karena hujan deras.",Banjir
"Mohon penanganan banjir di RW 03, air setinggi 30 cm sejak 1 jam.",Banjir
Mohon petugas menangani TPS di dekat pasar karena menimbulkan bau menyengat.,Kebersihan
"Kondisi selokan di sekitar puskesmas meluap, mengganggu aktivitas masyarakat.",Kebersihan
"Air meluap di sekitar puskesmas karena gorong-gorong tersumbat, kondisi berlangsung 3 jam.",Banjir
"Sistem layanan mal pelayanan publik untuk surat domisili terlalu lama, sehingga pelayanan menjadi terhambat.",Administrasi
"Antrian layanan KK di kelurahan tertunda, pelayanan menjadi terhambat.",Administrasi
"Kondisi selokan di RW 05 penuh, mengganggu warga.",Kebersihan
marka jalan di RW 05 rusak parah dan membuat warga kesulitan lewat.,Infrastruktur
"Sistem layanan kantor desa untuk surat pindah tertunda, sehingga informasi tidak jelas.",Administrasi
tumpukan sampah berbau di dekat pasar dan mengganggu aktivitas masyarakat.,Kebersihan
"Saat hujan deras, RW 05 tergenang hingga 40 cm karena selokan penuh sampah.",Banjir
"Warga melaporkan masalah kebersihan di RW 03, mengundang lalat.",Kebersihan
Pengurusan surat domisili di mal pelayanan publik mengalami gangguan sehingga waktu tunggu terlalu lama.,Administrasi
Pengangkutan sampah di sekitar puskesmas menumpuk sehingga membuat lingkungan tidak nyaman.,Kebersihan
"Mohon penanganan banjir di sekitar puskesmas, air setinggi 10 cm sejak sejak pagi.",Banjir
"Saat hujan deras, sekitar puskesmas tergenang hingga 20 cm karena drainase tersumbat.",Banjir
Warga melaporkan parkir liar di RW 05 yang warga merasa tidak aman.,Keamanan
pencurian terjadi di depan sekolah dan membuat mengganggu ketertiban.,Keamanan
"Area perempatan rawan balap liar, terutama malam hari.",Keamanan
Warga melaporkan pencurian di depan sekolah yang rawan tindakan kriminal.,Keamanan
"Mohon penanganan banjir di RW 03, air setinggi 20 cm sejak sejak pagi.",Banjir
Mohon peningkatan keamanan di area parkir karena terjadi begal.,Keamanan
TPS kotor di RW 03 dan mengganggu warga.,Kebersihan
"Mohon penanganan banjir di komplek perumahan, air setinggi 50 cm sejak sejak hujan deras.",Banjir
"Kondisi TPS di dekat pasar berbau, mengganggu aktivitas masyarakat.",Kebersihan
Warga mengeluhkan jalan lingkungan rusak parah di gang kecil. Kondisi ini mengganggu aktivitas warga.,Infrastruktur
"Mohon perbaikan lampu jalan yang berlubang di jalan menuju halte, karena membahayakan pengendara.",Infrastruktur
"Air meluap di komplek perumahan karena gorong-gorong tersumbat, kondisi berlangsung sejak hujan deras.",Banjir
marka jalan di gang kecil rusak parah dan mengganggu aktivitas warga.,Infrastruktur
Jalan tertutup material di gang kecil sehingga menyebabkan kemacetan.,Infrastruktur
Drainase di dekat pasar bermasalah sehingga terjadi banjir 2 hari.,Banjir
"Warga melaporkan masalah kebersihan di sekitar puskesmas, mengundang lalat.",Kebersihan
Warga mengeluhkan layanan KTP di loket pelayanan karena waktu tunggu terlalu lama.,Administrasi
"Area RW 05 rawan keributan, terutama malam hari.",Keamanan
"Mohon perbaikan jalan lingkungan yang rusak di jalan menuju halte, karena menyebabkan kemacetan.",Infrastruktur
marka jalan di dekat pasar tertutup material dan mengganggu aktivitas warga.,Infrastruktur
Warga mengeluhkan marka jalan tertutup material di jalan menuju halte. Kondisi ini membuat warga kesulitan lewat.,Infrastruktur
"Sistem layanan kelurahan untuk KTP tertunda, sehingga informasi tidak jelas.",Administrasi
Banjir terjadi di perempatan akibat drainase tersumbat. Genangan mencapai 20 cm.,Banjir
Banjir terjadi di perempatan akibat hujan deras. Genangan mencapai 20 cm.,Banjir
"Air meluap di RW 05 karena drainase tersumbat, kondisi berlangsung 2 hari.",Banjir
"Sistem layanan mal pelayanan publik untuk surat pindah terlalu lama, sehingga informasi tidak jelas.",Administrasi
"Kondisi sampah di depan sekolah kotor, mengganggu aktivitas masyarakat.",Kebersihan
"Sistem layanan kelurahan untuk akta kelahiran mengalami gangguan, sehingga waktu tunggu terlalu lama.",Administrasi
"Sistem layanan kelurahan untuk surat domisili tertunda, sehingga waktu tunggu terlalu lama.",Administrasi
"Sering terjadi keributan di RW 05 pada akhir pekan, mohon patroli.",Keamanan
"Area dekat pasar rawan keributan, terutama akhir pekan.",Keamanan
marka jalan di perempatan rusak parah dan menyebabkan kemacetan.,Infrastruktur
"Mohon penanganan banjir di komplek perumahan, air setinggi 50 cm sejak 3 jam.",Banjir
Warga melaporkan parkir liar di area parkir yang warga merasa tidak aman.,Keamanan
"Air meluap di RW 03 karena drainase tersumbat, kondisi berlangsung sejak pagi.",Banjir
Drainase di perempatan bermasalah sehingga terjadi banjir sejak pagi.,Banjir
Jalan rusak di RW 03 sehingga membuat warga kesulitan lewat.,Infrastruktur
Warga mengeluhkan trotoar rusak parah di RW 03. Kondisi ini membahayakan pengendara.,Infrastruktur
"Mohon penanganan banjir di sekitar puskesmas, air setinggi 40 cm sejak 3 jam.",Banjir
Mohon petugas menangani tumpukan sampah di sekitar puskesmas karena menimbulkan bau menyengat.,Kebersihan
"Mohon penanganan banjir di komplek perumahan, air setinggi 30 cm sejak sejak hujan deras.",Banjir
"Antrian layanan KTP di loket pelayanan lambat, pengajuan tertunda.",Administrasi
"Mohon perbaikan trotoar yang rusak di RW 05, karena berpotensi menyebabkan kecelakaan.",Infrastruktur
jalan lingkungan di dekat pasar retak dan tidak rata dan membahayakan pengendara.,Infrastruktur
"Sistem layanan mal pelayanan publik untuk surat domisili tidak jelas, sehingga pelayanan menjadi terhambat.",Administrasi
Warga melaporkan parkir liar di perempatan yang warga merasa tidak aman.,Keamanan
Proses akta kelahiran di kantor kecamatan lambat. Mohon perbaikan pelayanan.,Administrasi
Proses surat domisili di kantor desa mengalami gangguan. Mohon perbaikan pelayanan.,Administrasi
"Sudah beberapa hari marka jalan di gang kecil berlubang, berpotensi menyebabkan kecelakaan.",Infrastruktur
Pengangkutan sampah di RW 05 penuh sehingga mengundang lalat.,Kebersihan
"Sering terjadi parkir liar di jalan utama pada dini hari, mohon patroli.",Keamanan
"Warga melaporkan masalah kebersihan di RW 05, mengundang lalat.",Kebersihan
"Sudah beberapa hari lampu jalan di perempatan rusak, membahayakan pengendara.",Infrastruktur
"Mohon perbaikan marka jalan yang ambrol di RW 05, karena membahayakan pengendara.",Infrastruktur
"Antrian layanan KK di mal pelayanan publik lambat, waktu tunggu terlalu lama.",Administrasi
Banjir terjadi di RW 05 akibat sungai meluap. Genangan mencapai 20 cm.,Banjir
Drainase di RW 05 bermasalah sehingga terjadi banjir sejak pagi.,Banjir
Jalan rusak di RW 05 sehingga membahayakan pengendara.,Infrastruktur
"Sudah beberapa hari trotoar di dekat pasar rusak parah, berpotensi menyebabkan kecelakaan.",Infrastruktur
Jalan rusak parah di depan sekolah sehingga membuat warga kesulitan lewat.,Infrastruktur
"Warga melaporkan masalah kebersihan di RW 03, menimbulkan bau menyengat.",Kebersihan
"Air meluap di RW 05 karena hujan deras, kondisi berlangsung 2 hari.",Banjir
Warga melaporkan pencurian di dekat pasar yang mengganggu ketertiban.,Keamanan
"Sering terjadi begal di depan sekolah pada sore hari, mohon patroli.",Keamanan
Warga mengeluhkan trotoar rusak parah di gang kecil. Kondisi ini menyebabkan kemacetan.,Infrastruktur
lampu jalan di gang kecil ambrol dan mengganggu aktivitas warga.,Infrastruktur
"Air meluap di perempatan karena gorong-gorong tersumbat, kondisi berlangsung sejak hujan deras.",Banjir
"Saat hujan deras, perempatan tergenang hingga 50 cm karena sungai meluap.",Banjir
"Area depan sekolah rawan begal, terutama sore hari.",Keamanan
"Sudah beberapa hari lampu jalan di RW 05 berlubang, berpotensi menyebabkan kecelakaan.",Infrastruktur
Mohon peningkatan keamanan di RW 03 karena terjadi balap liar.,Keamanan
"Air meluap di perempatan karena sungai meluap, kondisi berlangsung sejak pagi.",Banjir
"Mohon penanganan banjir di RW 05, air setinggi 40 cm sejak sejak hujan deras.",Banjir
"Sudah beberapa hari marka jalan di RW 03 rusak, membahayakan pengendara.",Infrastruktur
keributan terjadi di RW 03 dan membuat rawan tindakan kriminal.,Keamanan
Pengurusan akta kelahiran di loket pelayanan tertunda sehingga informasi tidak jelas.,Administrasi
Warga melaporkan balap liar di dekat pasar yang mengganggu ketertiban.,Keamanan
"Kondisi TPS di dekat pasar kotor, menimbulkan bau menyengat.",Kebersihan
Banjir terjadi di komplek perumahan akibat selokan penuh sampah. Genangan mencapai 50 cm.,Banjir
Jalan ambrol di dekat pasar sehingga membuat warga kesulitan lewat.,Infrastruktur
"Sistem layanan kantor desa untuk surat pindah lambat, sehingga waktu tunggu terlalu lama.",Administrasi
"Sudah beberapa hari jembatan di RW 03 retak dan tidak rata, menyebabkan kemacetan.",Infrastruktur
Mohon petugas menangani tumpukan sampah di RW 05 karena mengganggu warga.,Kebersihan
jalan lingkungan di jalan menuju halte tertutup material dan berpotensi menyebabkan kecelakaan.,Infrastruktur
Jalan rusak parah di gang kecil sehingga menyebabkan kemacetan.,Infrastruktur
Pengangkutan sampah di RW 05 menumpuk sehingga membuat lingkungan tidak nyaman.,Kebersihan
Banjir terjadi di RW 05 akibat sungai meluap. Genangan mencapai 50 cm.,Banjir
"Saat hujan deras, perempatan tergenang hingga 20 cm karena selokan penuh sampah.",Banjir
jalan di RW 03 ambrol dan berpotensi menyebabkan kecelakaan.,Infrastruktur
"Sudah beberapa hari jalan di jalan utama berlubang, menyebabkan kemacetan.",Infrastruktur
Banjir terjadi di komplek perumahan akibat hujan deras. Genangan mencapai 10 cm.,Banjir
Proses KK di kantor desa tidak jelas. Mohon perbaikan pelayanan.,Administrasi
"Area jalan utama rawan vandalisme, terutama malam hari.",Keamanan
Mohon peningkatan keamanan di RW 05 karena terjadi vandalisme.,Keamanan
Mohon petugas menangani TPS di dekat balai warga karena mengganggu aktivitas masyarakat.,Kebersihan
"Sering terjadi parkir liar di dekat pasar pada malam hari, mohon patroli.",Keamanan
Warga mengeluhkan marka jalan retak dan tidak rata di RW 03. Kondisi ini menyebabkan kemacetan.,Infrastruktur
Warga mengeluhkan layanan surat domisili di kelurahan karena warga harus bolak-balik.,Administrasi
"Mohon perbaikan jalan yang berlubang di RW 03, karena menyebabkan kemacetan.",Infrastruktur
"Sering terjadi balap liar di jalan utama pada malam hari, mohon patroli.",Keamanan
Pengurusan surat pindah di kelurahan tertunda sehingga warga harus bolak-balik.,Administrasi
Pengurusan surat domisili di kantor kecamatan tidak jelas sehingga informasi tidak jelas.,Administrasi
"Saat hujan deras, jalan utama tergenang hingga 30 cm karena selokan penuh sampah.",Banjir
"Sudah beberapa hari lampu jalan di dekat pasar retak dan tidak rata, membuat warga kesulitan lewat.",Infrastruktur
"Area RW 05 rawan parkir liar, terutama sore hari.",Keamanan
Warga mengeluhkan lampu jalan retak dan tidak rata di RW 05. Kondisi ini membuat warga kesulitan lewat.,Infrastruktur
selokan menumpuk di RW 03 dan menimbulkan bau menyengat.,Kebersihan
Pengurusan KTP di kelurahan terlalu lama sehingga waktu tunggu terlalu lama.,Administrasi
"Antrian layanan surat pindah di kantor kecamatan mengalami gangguan, informasi tidak jelas.",Administrasi
"Sudah beberapa hari trotoar di dekat pasar berlubang, menyebabkan kemacetan.",Infrastruktur
Warga melaporkan balap liar di perempatan yang membahayakan pengguna jalan.,Keamanan
Banjir terjadi di sekitar puskesmas akibat drainase tersumbat. Genangan mencapai 40 cm.,Banjir
"Sistem layanan kantor desa untuk akta kelahiran terlalu lama, sehingga warga harus bolak-balik.",Administrasi
Pengangkutan sampah di sekitar puskesmas penuh sehingga menimbulkan bau menyengat.,Kebersihan
Banjir terjadi di dekat pasar akibat drainase tersumbat. Genangan mencapai 10 cm.,Banjir
"Sering terjadi keributan di dekat pasar pada sore hari, mohon patroli.",Keamanan
Warga melaporkan keributan di depan sekolah yang membahayakan pengguna jalan.,Keamanan
Pengangkutan sampah di dekat balai warga berbau sehingga mengundang lalat.,Kebersihan
Pengurusan surat domisili di loket pelayanan terlalu lama sehingga warga harus bolak-balik.,Administrasi
Pengurusan akta kelahiran di kantor kecamatan tidak jelas sehingga pelayanan menjadi terhambat.,Administrasi
jalan lingkungan di perempatan ambrol dan mengganggu aktivitas warga.,Infrastruktur
Banjir terjadi di RW 05 akibat selokan penuh sampah. Genangan mencapai 30 cm.,Banjir
Mohon peningkatan keamanan di RW 03 karena terjadi vandalisme.,Keamanan
Warga mengeluhkan layanan akta kelahiran di kantor desa karena pengajuan tertunda.,Administrasi
Warga melaporkan balap liar di perempatan yang warga merasa tidak aman.,Keamanan
marka jalan di RW 03 rusak dan berpotensi menyebabkan kecelakaan.,Infrastruktur
Mohon peningkatan keamanan di dekat pasar karena terjadi vandalisme.,Keamanan
Banjir terjadi di jalan utama akibat drainase tersumbat. Genangan mencapai 10 cm.,Banjir
"Antrian layanan surat pindah di mal pelayanan publik tertunda, warga harus bolak-balik.",Administrasi
"Sering terjadi parkir liar di RW 05 pada dini hari, mohon patroli.",Keamanan
Mohon peningkatan keamanan di perempatan karena terjadi pencurian.,Keamanan
Pengurusan akta kelahiran di kantor kecamatan tertunda sehingga waktu tunggu terlalu lama.,Administrasi
Warga mengeluhkan layanan surat domisili di kantor kecamatan karena pengajuan tertunda.,Administrasi
Warga mengeluhkan layanan KK di loket pelayanan karena pengajuan tertunda.,Administrasi
"Saat hujan deras, komplek perumahan tergenang hingga 40 cm karena selokan penuh sampah.",Banjir
Warga melaporkan begal di area parkir yang membahayakan pengguna jalan.,Keamanan
"Mohon perbaikan jalan lingkungan yang rusak di jalan menuju halte, karena mengganggu aktivitas warga.",Infrastruktur
parkir liar terjadi di RW 03 dan membuat mengganggu ketertiban.,Keamanan
"Sudah beberapa hari marka jalan di RW 05 retak dan tidak rata, menyebabkan kemacetan.",Infrastruktur
"Sudah beberapa hari jalan lingkungan di RW 03 retak dan tidak rata, berpotensi menyebabkan kecelakaan.",Infrastruktur
"Kondisi sampah di RW 05 tidak terangkut, membuat lingkungan tidak nyaman.",Kebersihan
"Mohon perbaikan lampu jalan yang rusak di dekat pasar, karena menyebabkan kemacetan.",Infrastruktur
Banjir terjadi di sekitar puskesmas akibat hujan deras. Genangan mencapai 20 cm.,Banjir
"Saat hujan deras, RW 03 tergenang hingga 40 cm karena hujan deras.",Banjir
vandalisme terjadi di jalan utama dan membuat rawan tindakan kriminal.,Keamanan
Warga mengeluhkan jalan berlubang di gang kecil. Kondisi ini mengganggu aktivitas warga.,Infrastruktur
"Sistem layanan loket pelayanan untuk akta kelahiran tidak jelas, sehingga waktu tunggu terlalu lama.",Administrasi
"Air meluap di sekitar puskesmas karena drainase tersumbat, kondisi berlangsung sejak pagi.",Banjir
"Kondisi selokan di dekat balai warga berbau, membuat lingkungan tidak nyaman.",Kebersihan
"Area RW 03 rawan parkir liar, terutama dini hari.",Keamanan
"Antrian layanan surat pindah di kelurahan mengalami gangguan, warga harus bolak-balik.",Administrasi
"Warga melaporkan masalah kebersihan di sekitar puskesmas, mengganggu aktivitas masyarakat.",Kebersihan
Pengurusan KTP di kelurahan lambat sehingga warga harus bolak-balik.,Administrasi
"Area RW 03 rawan pencurian, terutama sore hari.",Keamanan
Warga mengeluhkan marka jalan ambrol di perempatan. Kondisi ini menyebabkan kemacetan.,Infrastruktur
Drainase di dekat pasar bermasalah sehingga terjadi banjir sejak pagi.,Banjir
"Mohon penanganan banjir di jalan utama, air setinggi 50 cm sejak 3 jam.",Banjir
"Air meluap di RW 05 karena gorong-gorong tersumbat, kondisi berlangsung 3 jam.",Banjir
Jalan retak dan tidak rata di jalan utama sehingga membuat warga kesulitan lewat.,Infrastruktur
Jalan ambrol di perempatan sehingga berpotensi menyebabkan kecelakaan.,Infrastruktur
sampah penuh di sekitar puskesmas dan mengganggu warga.,Kebersihan
"Antrian layanan KK di loket pelayanan lambat, pengajuan tertunda.",Administrasi
"Sistem layanan kelurahan untuk akta kelahiran tertunda, sehingga pelayanan menjadi terhambat.",Administrasi
Warga mengeluhkan jembatan rusak parah di RW 05. Kondisi ini membahayakan pengendara.,Infrastruktur
Mohon petugas menangani pengangkutan sampah di dekat balai warga karena menimbulkan bau menyengat.,Kebersihan
jembatan di perempatan tertutup material dan mengganggu aktivitas warga.,Infrastruktur
Pengurusan KTP di kantor kecamatan tertunda sehingga waktu tunggu terlalu lama.,Administrasi
"Mohon penanganan banjir di komplek perumahan, air setinggi 30 cm sejak sejak pagi.",Banjir
Mohon petugas menangani sampah di RW 05 karena membuat lingkungan tidak nyaman.,Kebersihan
Proses surat pindah di loket pelayanan tidak jelas. Mohon perbaikan pelayanan.,Administrasi
vandalisme terjadi di perempatan dan membuat rawan tindakan kriminal.,Keamanan
Pengangkutan sampah di RW 03 tidak terangkut sehingga mengganggu aktivitas masyarakat.,Kebersihan
"Antrian layanan KK di loket pelayanan tidak jelas, pelayanan menjadi terhambat.",Administrasi
Warga mengeluhkan trotoar rusak parah di dekat pasar. Kondisi ini membahayakan pengendara.,Infrastruktur
Mohon petugas menangani sampah di RW 05 karena mengganggu warga.,Kebersihan
"Saat hujan deras, jalan utama tergenang hingga 10 cm karena sungai meluap.",Banjir
"Saat hujan deras, dekat pasar tergenang hingga 50 cm karena sungai meluap.",Banjir
TPS tidak terangkut di RW 05 dan menimbulkan bau menyengat.,Kebersihan
Banjir terjadi di RW 05 akibat hujan deras. Genangan mencapai 50 cm.,Banjir
trotoar di gang kecil rusak dan berpotensi menyebabkan kecelakaan.,Infrastruktur
marka jalan di depan sekolah ambrol dan menyebabkan kemacetan.,Infrastruktur
Warga mengeluhkan layanan KTP di kelurahan karena warga harus bolak-balik.,Administrasi
jalan di jalan utama retak dan tidak rata dan menyebabkan kemacetan.,Infrastruktur
sampah menumpuk di depan sekolah dan menimbulkan bau menyengat.,Kebersihan
Jalan rusak di jalan utama sehingga membahayakan pengendara.,Infrastruktur
"Mohon penanganan banjir di RW 03, air setinggi 40 cm sejak sejak hujan deras.",Banjir
"Antrian layanan akta kelahiran di kantor kecamatan lambat, informasi tidak jelas.",Administrasi
"Sering terjadi balap liar di area parkir pada akhir pekan, mohon patroli.",Keamanan
"Sering terjadi parkir liar di area parkir pada sore hari, mohon patroli.",Keamanan
"Mohon penanganan banjir di RW 05, air setinggi 50 cm sejak sejak hujan deras.",Banjir
vandalisme terjadi di jalan utama dan membuat mengganggu ketertiban.,Keamanan
Pengangkutan sampah di sekitar puskesmas berbau sehingga menimbulkan bau menyengat.,Kebersihan
Pengangkutan sampah di depan sekolah tidak terangkut sehingga mengganggu aktivitas masyarakat.,Kebersihan
Mohon petugas menangani pengangkutan sampah di sekitar puskesmas karena mengganggu warga.,Kebersihan
Pengangkutan sampah di RW 03 berbau sehingga membuat lingkungan tidak nyaman.,Kebersihan
"Sudah beberapa hari lampu jalan di RW 03 ambrol, membuat warga kesulitan lewat.",Infrastruktur
jalan di RW 05 rusak parah dan mengganggu aktivitas warga.,Infrastruktur
"Kondisi selokan di depan sekolah kotor, mengganggu warga.",Kebersihan
"Mohon penanganan banjir di RW 03, air setinggi 50 cm sejak 1 jam.",Banjir
"Air meluap di RW 05 karena sungai meluap, kondisi berlangsung 1 jam.",Banjir
"Sudah beberapa hari jalan lingkungan di dekat pasar retak dan tidak rata, mengganggu aktivitas warga.",Infrastruktur
"Antrian layanan KK di kantor kecamatan lambat, pengajuan tertunda.",Administrasi
"Air meluap di RW 03 karena gorong-gorong tersumbat, kondisi berlangsung 2 hari.",Banjir
"Mohon penanganan banjir di jalan utama, air setinggi 10 cm sejak 3 jam.",Banjir
"Sering terjadi vandalisme di RW 05 pada dini hari, mohon patroli.",Keamanan
Warga melaporkan pencurian di area parkir yang mengganggu ketertiban.,Keamanan
"Antrian layanan surat pindah di kantor kecamatan lambat, pelayanan menjadi terhambat.",Administrasi
Warga mengeluhkan jalan lingkungan retak dan tidak rata di RW 05. Kondisi ini menyebabkan kemacetan.,Infrastruktur
"Kondisi sampah di komplek perumahan meluap, mengganggu warga.",Kebersihan
Warga mengeluhkan lampu jalan ambrol di jalan menuju halte. Kondisi ini mengganggu aktivitas warga.,Infrastruktur
Warga mengeluhkan jembatan tertutup material di jalan utama. Kondisi ini mengganggu aktivitas warga.,Infrastruktur
Mohon petugas menangani TPS di komplek perumahan karena mengganggu aktivitas masyarakat.,Kebersihan
Proses surat domisili di mal pelayanan publik lambat. Mohon perbaikan pelayanan.,Administrasi
"Antrian layanan akta kelahiran di mal pelayanan publik tertunda, informasi tidak jelas.",Administrasi
"Warga melaporkan masalah kebersihan di dekat balai warga, membuat lingkungan tidak nyaman.",Kebersihan
Jalan tertutup material di RW 05 sehingga membahayakan pengendara.,Infrastruktur
"Kondisi selokan di dekat pasar kotor, menimbulkan bau menyengat.",Kebersihan
Warga mengeluhkan marka jalan retak dan tidak rata di RW 03. Kondisi ini membahayakan pengendara.,Infrastruktur
lampu jalan di RW 05 tertutup material dan menyebabkan kemacetan.,Infrastruktur
"Mohon penanganan banjir di sekitar puskesmas, air setinggi 10 cm sejak 2 hari.",Banjir
"Mohon penanganan banjir di perempatan, air setinggi 10 cm sejak 2 hari.",Banjir
"Sistem layanan kelurahan untuk KK tidak jelas, sehingga pengajuan tertunda.",Administrasi
"Sudah beberapa hari jalan lingkungan di jalan utama rusak, membuat warga kesulitan lewat.",Infrastruktur
"Mohon penanganan banjir di RW 05, air setinggi 20 cm sejak sejak pagi.",Banjir
Proses KK di loket pelayanan tidak jelas. Mohon perbaikan pelayanan.,Administrasi
selokan tidak terangkut di RW 05 dan mengundang lalat.,Kebersihan
Pengurusan surat pindah di kelurahan tidak jelas sehingga pelayanan menjadi terhambat.,Administrasi
"Warga melaporkan masalah kebersihan di dekat balai warga, mengundang lalat.",Kebersihan
"Saat hujan deras, jalan utama tergenang hingga 40 cm karena sungai meluap.",Banjir
jembatan di jalan menuju halte retak dan tidak rata dan berpotensi menyebabkan kecelakaan.,Infrastruktur
Jalan retak dan tidak rata di jalan menuju halte sehingga mengganggu aktivitas warga.,Infrastruktur
Mohon peningkatan keamanan di perempatan karena terjadi parkir liar.,Keamanan
Warga melaporkan vandalisme di dekat pasar yang warga merasa tidak aman.,Keamanan
Warga mengeluhkan jembatan ambrol di gang kecil. Kondisi ini berpotensi menyebabkan kecelakaan.,Infrastruktur
Mohon petugas menangani pengangkutan sampah di RW 03 karena mengganggu warga.,Kebersihan
Proses surat pindah di kantor desa mengalami gangguan. Mohon perbaikan pelayanan.,Administrasi
Warga mengeluhkan jalan lingkungan rusak di perempatan. Kondisi ini mengganggu aktivitas warga.,Infrastruktur
"Sudah beberapa hari jalan lingkungan di jalan menuju halte tertutup material, berpotensi menyebabkan kecelakaan.",Infrastruktur
Drainase di RW 03 bermasalah sehingga terjadi banjir 1 jam.,Banjir
"Saat hujan deras, dekat pasar tergenang hingga 40 cm karena gorong-gorong tersumbat.",Banjir
"Sering terjadi vandalisme di RW 05 pada sore hari, mohon patroli.",Keamanan
"Antrian layanan akta kelahiran di kelurahan terlalu lama, waktu tunggu terlalu lama.",Administrasi
"Saat hujan deras, komplek perumahan tergenang hingga 20 cm karena drainase tersumbat.",Banjir
Banjir terjadi di komplek perumahan akibat gorong-gorong tersumbat. Genangan mencapai 50 cm.,Banjir
Mohon petugas menangani TPS di RW 03 karena mengganggu warga.,Kebersihan
Jalan rusak parah di depan sekolah sehingga berpotensi menyebabkan kecelakaan.,Infrastruktur
"Saat hujan deras, RW 03 tergenang hingga 50 cm karena drainase tersumbat.",Banjir
"Mohon perbaikan jalan lingkungan yang berlubang di jalan menuju halte, karena membahayakan pengendara.",Infrastruktur
"Sistem layanan kelurahan untuk KTP tidak jelas, sehingga pelayanan menjadi terhambat.",Administrasi
Warga mengeluhkan layanan KTP di kantor desa karena waktu tunggu terlalu lama.,Administrasi
TPS meluap di RW 05 dan mengundang lalat.,Kebersihan
Warga mengeluhkan jembatan retak dan tidak rata di depan sekolah. Kondisi ini membahayakan pengendara.,Infrastruktur
"Sistem layanan kantor kecamatan untuk KTP tertunda, sehingga warga harus bolak-balik.",Administrasi
"Sudah beberapa hari marka jalan di jalan menuju halte berlubang, berpotensi menyebabkan kecelakaan.",Infrastruktur
"Sudah beberapa hari trotoar di dekat pasar rusak, menyebabkan kemacetan.",Infrastruktur
"Mohon penanganan banjir di sekitar puskesmas, air setinggi 30 cm sejak sejak pagi.",Banjir
"Air meluap di dekat pasar karena drainase tersumbat, kondisi berlangsung 3 jam.",Banjir
Proses KTP di kelurahan lambat. Mohon perbaikan pelayanan.,Administrasi
Pengurusan surat pindah di kelurahan mengalami gangguan sehingga pengajuan tertunda.,Administrasi
Mohon petugas menangani sampah di dekat pasar karena mengganggu aktivitas masyarakat.,Kebersihan
"Kondisi sampah di sekitar puskesmas kotor, mengganggu warga.",Kebersihan
"Area dekat pasar rawan parkir liar, terutama dini hari.",Keamanan
"Antrian layanan surat pindah di kantor desa tertunda, warga harus bolak-balik.",Administrasi
Banjir terjadi di komplek perumahan akibat sungai meluap. Genangan mencapai 50 cm.,Banjir
"Area area parkir rawan parkir liar, terutama akhir pekan.",Keamanan
Warga melaporkan pencurian di jalan utama yang rawan tindakan kriminal.,Keamanan
jalan lingkungan di depan sekolah berlubang dan membuat warga kesulitan lewat.,Infrastruktur
lampu jalan di RW 05 rusak parah dan menyebabkan kemacetan.,Infrastruktur
selokan meluap di RW 05 dan mengundang lalat.,Kebersihan
Warga mengeluhkan layanan surat pindah di mal pelayanan publik karena waktu tunggu terlalu lama.,Administrasi
Drainase di komplek perumahan bermasalah sehingga terjadi banjir sejak pagi.,Banjir
lampu jalan di dekat pasar rusak parah dan berpotensi menyebabkan kecelakaan.,Infrastruktur
trotoar di RW 03 rusak parah dan menyebabkan kemacetan.,Infrastruktur
Proses akta kelahiran di kantor desa mengalami gangguan. Mohon perbaikan pelayanan.,Administrasi
"Area dekat pasar rawan begal, terutama dini hari.",Keamanan
pencurian terjadi di dekat pasar dan membuat rawan tindakan kriminal.,Keamanan
Warga melaporkan keributan di area parkir yang rawan tindakan kriminal.,Keamanan
Jalan rusak di gang kecil sehingga menyebabkan kemacetan.,Infrastruktur
Jalan rusak di depan sekolah sehingga membuat warga kesulitan lewat.,Infrastruktur
tumpukan sampah menumpuk di RW 03 dan mengganggu warga.,Kebersihan
"Sistem layanan mal pelayanan publik untuk surat pindah tertunda, sehingga pelayanan menjadi terhambat.",Administrasi
Pengangkutan sampah di komplek perumahan meluap sehingga mengundang lalat.,Kebersihan
"Sering terjadi balap liar di perempatan pada akhir pekan, mohon patroli.",Keamanan
Pengangkutan sampah di sekitar puskesmas tidak terangkut sehingga mengganggu warga.,Kebersihan
"Mohon penanganan banjir di komplek perumahan, air setinggi 50 cm sejak sejak pagi.",Banjir
Warga mengeluhkan layanan akta kelahiran di kelurahan karena waktu tunggu terlalu lama.,Administrasi
Warga mengeluhkan marka jalan berlubang di dekat pasar. Kondisi ini mengganggu aktivitas warga.,Infrastruktur
Mohon peningkatan keamanan di depan sekolah karena terjadi keributan.,Keamanan
Pengangkutan sampah di RW 03 berbau sehingga mengganggu aktivitas masyarakat.,Kebersihan
Warga mengeluhkan jalan lingkungan rusak parah di gang kecil. Kondisi ini berpotensi menyebabkan kecelakaan.,Infrastruktur
"Sering terjadi pencurian di dekat pasar pada akhir pekan, mohon patroli.",Keamanan
jalan di depan sekolah rusak dan menyebabkan kemacetan.,Infrastruktur
tumpukan sampah kotor di RW 03 dan menimbulkan bau menyengat.,Kebersihan
pengangkutan sampah meluap di RW 03 dan mengganggu warga.,Kebersihan
Banjir terjadi di sekitar puskesmas akibat selokan penuh sampah. Genangan mencapai 50 cm.,Banjir
"Antrian layanan surat domisili di kantor desa tidak jelas, informasi tidak jelas.",Administrasi
"Saat hujan deras, sekitar puskesmas tergenang hingga 20 cm karena hujan deras.",Banjir
"Warga melaporkan masalah kebersihan di depan sekolah, menimbulkan bau menyengat.",Kebersihan
"Mohon penanganan banjir di komplek perumahan, air setinggi 30 cm sejak 2 hari.",Banjir
Warga mengeluhkan jalan lingkungan ambrol di RW 03. Kondisi ini menyebabkan kemacetan.,Infrastruktur
Pengangkutan sampah di sekitar puskesmas penuh sehingga membuat lingkungan tidak nyaman.,Kebersihan
Proses surat pindah di kelurahan tertunda. Mohon perbaikan pelayanan.,Administrasi
"Mohon penanganan banjir di sekitar puskesmas, air setinggi 30 cm sejak 3 jam.",Banjir
pengangkutan sampah kotor di RW 03 dan mengganggu warga.,Kebersihan
Proses akta kelahiran di kelurahan tertunda. Mohon perbaikan pelayanan.,Administrasi
"Saat hujan deras, komplek perumahan tergenang hingga 10 cm karena selokan penuh sampah.",Banjir
Pengurusan surat pindah di kantor kecamatan tertunda sehingga pengajuan tertunda.,Administrasi
Warga mengeluhkan jalan tertutup material di RW 03. Kondisi ini menyebabkan kemacetan.,Infrastruktur
"Sering terjadi balap liar di dekat pasar pada akhir pekan, mohon patroli.",Keamanan
"Air meluap di sekitar puskesmas karena hujan deras, kondisi berlangsung sejak pagi.",Banjir
Pengangkutan sampah di dekat balai warga penuh sehingga membuat lingkungan tidak nyaman.,Kebersihan
TPS meluap di komplek perumahan dan mengganggu aktivitas masyarakat.,Kebersihan
TPS tidak terangkut di dekat pasar dan membuat lingkungan tidak nyaman.,Kebersihan
Pengangkutan sampah di sekitar puskesmas menumpuk sehingga menimbulkan bau menyengat.,Kebersihan
"Kondisi sampah di dekat balai warga kotor, menimbulkan bau menyengat.",Kebersihan
"Kondisi selokan di depan sekolah kotor, membuat lingkungan tidak nyaman.",Kebersihan
Warga mengeluhkan marka jalan rusak di jalan menuju halte. Kondisi ini berpotensi menyebabkan kecelakaan.,Infrastruktur
"Saat hujan deras, RW 03 tergenang hingga 10 cm karena sungai meluap.",Banjir
Proses surat domisili di loket pelayanan tertunda. Mohon perbaikan pelayanan.,Administrasi
"Area depan sekolah rawan keributan, terutama akhir pekan.",Keamanan
Warga mengeluhkan jalan lingkungan tertutup material di perempatan. Kondisi ini mengganggu aktivitas warga.,Infrastruktur
"Antrian layanan KK di kelurahan mengalami gangguan, waktu tunggu terlalu lama.",Administrasi
Banjir terjadi di perempatan akibat hujan deras. Genangan mencapai 30 cm.,Banjir
"Mohon perbaikan jalan yang retak dan tidak rata di perempatan, karena membahayakan pengendara.",Infrastruktur
Drainase di RW 05 bermasalah sehingga terjadi banjir 2 hari.,Banjir
"Mohon penanganan banjir di RW 05, air setinggi 30 cm sejak 1 jam.",Banjir
Mohon peningkatan keamanan di dekat pasar karena terjadi keributan.,Keamanan
"Sistem layanan kantor kecamatan untuk KK tertunda, sehingga warga harus bolak-balik.",Administrasi
Warga mengeluhkan lampu jalan ambrol di perempatan. Kondisi ini membuat warga kesulitan lewat.,Infrastruktur
Warga melaporkan begal di perempatan yang membahayakan pengguna jalan.,Keamanan
Warga mengeluhkan layanan KK di kantor kecamatan karena pelayanan menjadi terhambat.,Administrasi
"Sudah beberapa hari jalan di jalan menuju halte ambrol, berpotensi menyebabkan kecelakaan.",Infrastruktur
pencurian terjadi di jalan utama dan membuat warga merasa tidak aman.,Keamanan
Jalan ambrol di jalan utama sehingga berpotensi menyebabkan kecelakaan.,Infrastruktur
"Mohon penanganan banjir di dekat pasar, air setinggi 20 cm sejak 3 jam.",Banjir
"Kondisi pengangkutan sampah di dekat pasar meluap, menimbulkan bau menyengat.",Kebersihan
Warga melaporkan parkir liar di area parkir yang rawan tindakan kriminal.,Keamanan
jalan di perempatan rusak parah dan menyebabkan kemacetan.,Infrastruktur
Pengangkutan sampah di sekitar puskesmas tidak terangkut sehingga mengundang lalat.,Kebersihan
Mohon petugas menangani selokan di dekat balai warga karena mengganggu aktivitas masyarakat.,Kebersihan
Banjir terjadi di RW 05 akibat sungai meluap. Genangan mencapai 10 cm.,Banjir
Pengurusan surat pindah di loket pelayanan tertunda sehingga pelayanan menjadi terhambat.,Administrasi
"Sering terjadi parkir liar di perempatan pada dini hari, mohon patroli.",Keamanan
"Sudah beberapa hari trotoar di gang kecil ambrol, membuat warga kesulitan lewat.",Infrastruktur
Warga melaporkan vandalisme di RW 05 yang warga merasa tidak aman.,Keamanan
Jalan ambrol di gang kecil sehingga membahayakan pengendara.,Infrastruktur
"Kondisi TPS di RW 03 berbau, membuat lingkungan tidak nyaman.",Kebersihan
tumpukan sampah kotor di sekitar puskesmas dan mengganggu warga.,Kebersihan
"Sering terjadi balap liar di depan sekolah pada dini hari, mohon patroli.",Keamanan
"Sudah beberapa hari marka jalan di depan sekolah rusak parah, membuat warga kesulitan lewat.",Infrastruktur
Jalan berlubang di jalan menuju halte sehingga mengganggu aktivitas warga.,Infrastruktur
"Mohon perbaikan jalan lingkungan yang rusak di perempatan, karena menyebabkan kemacetan.",Infrastruktur
Proses KK di kelurahan tertunda. Mohon perbaikan pelayanan.,Administrasi
Banjir terjadi di RW 05 akibat gorong-gorong tersumbat. Genangan mencapai 20 cm.,Banjir
Pengurusan KK di kantor kecamatan tidak jelas sehingga pengajuan tertunda.,Administrasi
keributan terjadi di RW 03 dan membuat membahayakan pengguna jalan.,Keamanan
"Warga melaporkan masalah kebersihan di RW 03, mengganggu aktivitas masyarakat.",Kebersihan
Warga melaporkan pencurian di perempatan yang warga merasa tidak aman.,Keamanan
Pengurusan KTP di kantor desa tidak jelas sehingga waktu tunggu terlalu lama.,Administrasi
"Mohon penanganan banjir di sekitar puskesmas, air setinggi 10 cm sejak 1 jam.",Banjir
"Kondisi sampah di komplek perumahan kotor, menimbulkan bau menyengat.",Kebersihan
TPS tidak terangkut di sekitar puskesmas dan menimbulkan bau menyengat.,Kebersihan
Pengangkutan sampah di dekat balai warga berbau sehingga mengganggu aktivitas masyarakat.,Kebersihan
"Antrian layanan surat pindah di kantor desa mengalami gangguan, pengajuan tertunda.",Administrasi
Pengurusan surat domisili di kantor kecamatan tertunda sehingga warga harus bolak-balik.,Administrasi
Warga melaporkan keributan di jalan utama yang membahayakan pengguna jalan.,Keamanan
Pengangkutan sampah di dekat balai warga kotor sehingga mengganggu aktivitas masyarakat.,Kebersihan
Mohon peningkatan keamanan di perempatan karena terjadi balap liar.,Keamanan
"Sistem layanan kantor desa untuk surat pindah tertunda, sehingga waktu tunggu terlalu lama.",Administrasi
"Warga melaporkan masalah kebersihan di sekitar puskesmas, menimbulkan bau menyengat.",Kebersihan
Pengurusan akta kelahiran di kelurahan terlalu lama sehingga pelayanan menjadi terhambat.,Administrasi
Warga mengeluhkan layanan surat pindah di kantor kecamatan karena waktu tunggu terlalu lama.,Administrasi
begal terjadi di depan sekolah dan membuat mengganggu ketertiban.,Keamanan
Drainase di perempatan bermasalah sehingga terjadi banjir 3 jam.,Banjir
Pengurusan KTP di loket pelayanan tidak jelas sehingga pengajuan tertunda.,Administrasi
"Mohon penanganan banjir di RW 03, air setinggi 10 cm sejak sejak hujan deras.",Banjir
"Antrian layanan surat pindah di kantor desa tidak jelas, pelayanan menjadi terhambat.",Administrasi
Jalan tertutup material di depan sekolah sehingga mengganggu aktivitas warga.,Infrastruktur
Banjir terjadi di RW 03 akibat gorong-gorong tersumbat. Genangan mencapai 20 cm.,Banjir
"Area depan sekolah rawan keributan, terutama dini hari.",Keamanan
trotoar di RW 05 retak dan tidak rata dan menyebabkan kemacetan.,Infrastruktur
"Air meluap di perempatan karena gorong-gorong tersumbat, kondisi berlangsung 1 jam.",Banjir
"Air meluap di perempatan karena selokan penuh sampah, kondisi berlangsung sejak pagi.",Banjir
"Air meluap di RW 05 karena drainase tersumbat, kondisi berlangsung 1 jam.",Banjir
Drainase di sekitar puskesmas bermasalah sehingga terjadi banjir sejak hujan deras.,Banjir
selokan menumpuk di sekitar puskesmas dan mengganggu aktivitas masyarakat.,Kebersihan
"Warga melaporkan masalah kebersihan di sekitar puskesmas, membuat lingkungan tidak nyaman.",Kebersihan
Warga mengeluhkan trotoar retak dan tidak rata di dekat pasar. Kondisi ini menyebabkan kemacetan.,Infrastruktur
begal terjadi di RW 03 dan membuat membahayakan pengguna jalan.,Keamanan
Drainase di perempatan bermasalah sehingga terjadi banjir sejak hujan deras.,Banjir
Jalan rusak parah di RW 03 sehingga berpotensi menyebabkan kecelakaan.,Infrastruktur
jembatan di perempatan rusak dan menyebabkan kemacetan.,Infrastruktur
"Mohon perbaikan lampu jalan yang rusak di jalan utama, karena mengganggu aktivitas warga.",Infrastruktur
TPS kotor di komplek perumahan dan mengundang lalat.,Kebersihan
tumpukan sampah menumpuk di dekat balai warga dan mengundang lalat.,Kebersihan
pengangkutan sampah penuh di depan sekolah dan mengganggu aktivitas masyarakat.,Kebersihan
"Mohon penanganan banjir di RW 03, air setinggi 40 cm sejak 3 jam.",Banjir
"Mohon perbaikan trotoar yang ambrol di RW 03, karena menyebabkan kemacetan.",Infrastruktur
Warga mengeluhkan jembatan berlubang di perempatan. Kondisi ini membuat warga kesulitan lewat.,Infrastruktur
"Sistem layanan mal pelayanan publik untuk surat pindah lambat, sehingga pengajuan tertunda.",Administrasi
pengangkutan sampah kotor di komplek perumahan dan mengganggu warga.,Kebersihan
Mohon peningkatan keamanan di RW 05 karena terjadi balap liar.,Keamanan
"Kondisi tumpukan sampah di dekat pasar meluap, membuat lingkungan tidak nyaman.",Kebersihan
Banjir terjadi di perempatan akibat drainase tersumbat. Genangan mencapai 40 cm.,Banjir
Warga mengeluhkan layanan KK di mal pelayanan publik karena waktu tunggu terlalu lama.,Administrasi
"Mohon penanganan banjir di dekat pasar, air setinggi 50 cm sejak sejak hujan deras.",Banjir
"Sudah beberapa hari lampu jalan di RW 05 berlubang, menyebabkan kemacetan.",Infrastruktur
"Warga melaporkan masalah kebersihan di dekat pasar, mengganggu warga.",Kebersihan
Proses KTP di loket pelayanan lambat. Mohon perbaikan pelayanan.,Administrasi
Warga mengeluhkan layanan KTP di kantor kecamatan karena pengajuan tertunda.,Administrasi
"Sistem layanan kantor kecamatan untuk akta kelahiran tidak jelas, sehingga waktu tunggu terlalu lama.",Administrasi
Pengurusan akta kelahiran di kantor kecamatan terlalu lama sehingga pelayanan menjadi terhambat.,Administrasi
Drainase di sekitar puskesmas bermasalah sehingga terjadi banjir 1 jam.,Banjir
Warga mengeluhkan lampu jalan tertutup material di RW 03. Kondisi ini berpotensi menyebabkan kecelakaan.,Infrastruktur
tumpukan sampah menumpuk di RW 03 dan mengganggu aktivitas masyarakat.,Kebersihan
tumpukan sampah kotor di komplek perumahan dan mengganggu warga.,Kebersihan
Warga mengeluhkan layanan surat domisili di kantor desa karena waktu tunggu terlalu lama.,Administrasi
Pengangkutan sampah di dekat balai warga kotor sehingga mengundang lalat.,Kebersihan
"Saat hujan deras, sekitar puskesmas tergenang hingga 50 cm karena selokan penuh sampah.",Banjir
keributan terjadi di jalan utama dan membuat warga merasa tidak aman.,Keamanan
"Sering terjadi balap liar di area parkir pada malam hari, mohon patroli.",Keamanan
"Area RW 05 rawan keributan, terutama dini hari.",Keamanan
"Air meluap di sekitar puskesmas karena sungai meluap, kondisi berlangsung 3 jam.",Banjir
"Sistem layanan kelurahan untuk akta kelahiran mengalami gangguan, sehingga pengajuan tertunda.",Administrasi
Warga mengeluhkan layanan surat domisili di kantor kecamatan karena informasi tidak jelas.,Administrasi
Warga mengeluhkan layanan surat pindah di loket pelayanan karena warga harus bolak-balik.,Administrasi
Warga melaporkan pencurian di RW 05 yang mengganggu ketertiban.,Keamanan
"Antrian layanan akta kelahiran di kantor kecamatan mengalami gangguan, pengajuan tertunda.",Administrasi
"Warga melaporkan masalah kebersihan di dekat balai warga, mengganggu warga.",Kebersihan
Mohon peningkatan keamanan di jalan utama karena terjadi begal.,Keamanan
Warga mengeluhkan layanan surat pindah di kantor kecamatan karena pelayanan menjadi terhambat.,Administrasi
"Area perempatan rawan keributan, terutama malam hari.",Keamanan
Banjir terjadi di sekitar puskesmas akibat sungai meluap. Genangan mencapai 40 cm.,Banjir
"Area perempatan rawan pencurian, terutama akhir pekan.",Keamanan
Mohon petugas menangani selokan di komplek perumahan karena mengganggu aktivitas masyarakat.,Kebersihan
"Warga melaporkan masalah kebersihan di komplek perumahan, mengundang lalat.",Kebersihan
"Mohon perbaikan jalan yang berlubang di depan sekolah, karena membuat warga kesulitan lewat.",Infrastruktur
"Sudah beberapa hari jalan lingkungan di jalan menuju halte ambrol, menyebabkan kemacetan.",Infrastruktur
"Sistem layanan mal pelayanan publik untuk surat pindah tidak jelas, sehingga pengajuan tertunda.",Administrasi
Warga mengeluhkan layanan KK di kelurahan karena informasi tidak jelas.,Administrasi
Drainase di dekat pasar bermasalah sehingga terjadi banjir 1 jam.,Banjir
begal terjadi di RW 03 dan membuat rawan tindakan kriminal.,Keamanan
"Mohon perbaikan jalan yang rusak parah di jalan menuju halte, karena mengganggu aktivitas warga.",Infrastruktur
"Warga melaporkan masalah kebersihan di komplek perumahan, menimbulkan bau menyengat.",Kebersihan
"Sistem layanan mal pelayanan publik untuk KTP mengalami gangguan, sehingga pelayanan menjadi terhambat.",Administrasi
"Kondisi pengangkutan sampah di sekitar puskesmas tidak terangkut, mengundang lalat.",Kebersihan
"Antrian layanan surat domisili di kantor desa tidak jelas, waktu tunggu terlalu lama.",Administrasi
"Kondisi selokan di depan sekolah meluap, mengundang lalat.",Kebersihan
Mohon petugas menangani pengangkutan sampah di dekat balai warga karena mengganggu warga.,Kebersihan
Proses surat domisili di loket pelayanan tidak jelas. Mohon perbaikan pelayanan.,Administrasi
"Antrian layanan KTP di kantor kecamatan lambat, pengajuan tertunda.",Administrasi
"Mohon penanganan banjir di komplek perumahan, air setinggi 40 cm sejak 1 jam.",Banjir
"Kondisi tumpukan sampah di RW 05 berbau, mengganggu aktivitas masyarakat.",Kebersihan
"Mohon penanganan banjir di dekat pasar, air setinggi 20 cm sejak 2 hari.",Banjir
Pengurusan surat domisili di loket pelayanan tertunda sehingga warga harus bolak-balik.,Administrasi
"Saat hujan deras, komplek perumahan tergenang hingga 50 cm karena selokan penuh sampah.",Banjir
Warga melaporkan balap liar di jalan utama yang rawan tindakan kriminal.,Keamanan
"Sistem layanan kelurahan untuk akta kelahiran lambat, sehingga informasi tidak jelas.",Administrasi
Proses KTP di kelurahan terlalu lama. Mohon perbaikan pelayanan.,Administrasi
parkir liar terjadi di dekat pasar dan membuat mengganggu ketertiban.,Keamanan
"Sering terjadi begal di jalan utama pada dini hari, mohon patroli.",Keamanan
"Area depan sekolah rawan begal, terutama dini hari.",Keamanan
"Saat hujan deras, komplek perumahan tergenang hingga 40 cm karena sungai meluap.",Banjir
Pengurusan KTP di kelurahan tertunda sehingga warga harus bolak-balik.,Administrasi
"Area depan sekolah rawan balap liar, terutama dini hari.",Keamanan
Pengangkutan sampah di RW 05 berbau sehingga mengundang lalat.,Kebersihan
"Kondisi selokan di komplek perumahan menumpuk, menimbulkan bau menyengat.",Kebersihan
marka jalan di gang kecil ambrol dan membahayakan pengendara.,Infrastruktur
Proses KK di kantor kecamatan tertunda. Mohon perbaikan pelayanan.,Administrasi
jalan lingkungan di gang kecil berlubang dan berpotensi menyebabkan kecelakaan.,Infrastruktur
jembatan di RW 05 berlubang dan membuat warga kesulitan lewat.,Infrastruktur
"Warga melaporkan masalah kebersihan di RW 05, mengganggu warga.",Kebersihan
"Air meluap di RW 05 karena selokan penuh sampah, kondisi berlangsung 3 jam.",Banjir
"Antrian layanan surat domisili di kantor desa mengalami gangguan, informasi tidak jelas.",Administrasi
Warga mengeluhkan trotoar tertutup material di RW 03. Kondisi ini mengganggu aktivitas warga.,Infrastruktur
Warga mengeluhkan layanan akta kelahiran di kelurahan karena pelayanan menjadi terhambat.,Administrasi
Banjir terjadi di komplek perumahan akibat gorong-gorong tersumbat. Genangan mencapai 40 cm.,Banjir
Mohon peningkatan keamanan di RW 03 karena terjadi keributan.,Keamanan
Mohon petugas menangani tumpukan sampah di RW 05 karena mengganggu aktivitas masyarakat.,Kebersihan
Warga mengeluhkan layanan akta kelahiran di kantor desa karena pelayanan menjadi terhambat.,Administrasi
Banjir terjadi di perempatan akibat sungai meluap. Genangan mencapai 10 cm.,Banjir
Proses surat pindah di kantor kecamatan tidak jelas. Mohon perbaikan pelayanan.,Administrasi
selokan meluap di dekat pasar dan mengganggu aktivitas masyarakat.,Kebersihan
jembatan di jalan utama retak dan tidak rata dan mengganggu aktivitas warga.,Infrastruktur
Jalan tertutup material di perempatan sehingga berpotensi menyebabkan kecelakaan.,Infrastruktur
Warga melaporkan balap liar di dekat pasar yang rawan tindakan kriminal.,Keamanan
"Area RW 03 rawan balap liar, terutama akhir pekan.",Keamanan
"Sering terjadi keributan di perempatan pada malam hari, mohon patroli.",Keamanan
"Warga melaporkan masalah kebersihan di komplek perumahan, membuat lingkungan tidak nyaman.",Kebersihan
"Mohon penanganan banjir di sekitar puskesmas, air setinggi 10 cm sejak sejak hujan deras.",Banjir
Pengurusan KTP di mal pelayanan publik tertunda sehingga informasi tidak jelas.,Administrasi
parkir liar terjadi di depan sekolah dan membuat warga merasa tidak aman.,Keamanan
"Mohon penanganan banjir di RW 05, air setinggi 50 cm sejak 2 hari.",Banjir
"Saat hujan deras, jalan utama tergenang hingga 50 cm karena sungai meluap.",Banjir
Mohon petugas menangani sampah di dekat balai warga karena mengundang lalat.,Kebersihan
"Kondisi TPS di komplek perumahan berbau, menimbulkan bau menyengat.",Kebersihan
marka jalan di jalan menuju halte berlubang dan membahayakan pengendara.,Infrastruktur
"Mohon penanganan banjir di RW 05, air setinggi 50 cm sejak sejak pagi.",Banjir
Warga melaporkan pencurian di depan sekolah yang membahayakan pengguna jalan.,Keamanan
Warga melaporkan begal di RW 05 yang membahayakan pengguna jalan.,Keamanan
"Sudah beberapa hari jalan lingkungan di perempatan rusak, membahayakan pengendara.",Infrastruktur
Mohon petugas menangani sampah di RW 05 karena mengganggu aktivitas masyarakat.,Kebersihan
Drainase di dekat pasar bermasalah sehingga terjadi banjir 3 jam.,Banjir
parkir liar terjadi di jalan utama dan membuat rawan tindakan kriminal.,Keamanan
"Kondisi tumpukan sampah di dekat pasar tidak terangkut, menimbulkan bau menyengat.",Kebersihan
"Saat hujan deras, sekitar puskesmas tergenang hingga 20 cm karena gorong-gorong tersumbat.",Banjir
"Mohon penanganan banjir di jalan utama, air setinggi 40 cm sejak 3 jam.",Banjir
"Mohon perbaikan jalan yang retak dan tidak rata di dekat pasar, karena menyebabkan kemacetan.",Infrastruktur
"Mohon penanganan banjir di sekitar puskesmas, air setinggi 30 cm sejak 1 jam.",Banjir
"Kondisi tumpukan sampah di dekat balai warga tidak terangkut, menimbulkan bau menyengat.",Kebersihan
jembatan di dekat pasar rusak parah dan membahayakan pengendara.,Infrastruktur
"Air meluap di RW 05 karena hujan deras, kondisi berlangsung 1 jam.",Banjir
"Air meluap di sekitar puskesmas karena drainase tersumbat, kondisi berlangsung 3 jam.",Banjir
lampu jalan di gang kecil rusak parah dan membahayakan pengendara.,Infrastruktur
jalan lingkungan di RW 05 tertutup material dan berpotensi menyebabkan kecelakaan.,Infrastruktur
"Saat hujan deras, dekat pasar tergenang hingga 30 cm karena drainase tersumbat.",Banjir
parkir liar terjadi di RW 03 dan membuat warga merasa tidak aman.,Keamanan
"Sering terjadi keributan di perempatan pada dini hari, mohon patroli.",Keamanan
"Antrian layanan surat domisili di kelurahan terlalu lama, informasi tidak jelas.",Administrasi
"Sering terjadi keributan di depan sekolah pada akhir pekan, mohon patroli.",Keamanan
sampah tidak terangkut di RW 03 dan mengundang lalat.,Kebersihan
sampah kotor di dekat balai warga dan menimbulkan bau menyengat.,Kebersihan
balap liar terjadi di depan sekolah dan membuat mengganggu ketertiban.,Keamanan
Drainase di jalan utama bermasalah sehingga terjadi banjir 3 jam.,Banjir
Jalan berlubang di jalan utama sehingga mengganggu aktivitas warga.,Infrastruktur
Warga mengeluhkan layanan akta kelahiran di kantor kecamatan karena waktu tunggu terlalu lama.,Administrasi
Warga melaporkan balap liar di area parkir yang membahayakan pengguna jalan.,Keamanan
"Air meluap di jalan utama karena gorong-gorong tersumbat, kondisi berlangsung 3 jam.",Banjir
"Saat hujan deras, RW 05 tergenang hingga 30 cm karena selokan penuh sampah.",Banjir
"Mohon penanganan banjir di RW 05, air setinggi 40 cm sejak sejak pagi.",Banjir
"Air meluap di perempatan karena hujan deras, kondisi berlangsung 2 hari.",Banjir
Warga mengeluhkan trotoar ambrol di depan sekolah. Kondisi ini membahayakan pengendara.,Infrastruktur
"Mohon perbaikan marka jalan yang tertutup material di RW 05, karena menyebabkan kemacetan.",Infrastruktur
"Sering terjadi pencurian di dekat pasar pada dini hari, mohon patroli.",Keamanan
Drainase di RW 05 bermasalah sehingga terjadi banjir 3 jam.,Banjir
"Mohon penanganan banjir di RW 05, air setinggi 40 cm sejak 2 hari.",Banjir
"Antrian layanan akta kelahiran di kelurahan terlalu lama, pelayanan menjadi terhambat.",Administrasi
Proses akta kelahiran di kantor kecamatan tertunda. Mohon perbaikan pelayanan.,Administrasi
vandalisme terjadi di perempatan dan membuat warga merasa tidak aman.,Keamanan
Warga mengeluhkan layanan akta kelahiran di kantor desa karena warga harus bolak-balik.,Administrasi
Banjir terjadi di komplek perumahan akibat hujan deras. Genangan mencapai 40 cm.,Banjir
"Antrian layanan KTP di kantor desa tertunda, pelayanan menjadi terhambat.",Administrasi
Mohon peningkatan keamanan di depan sekolah karena terjadi vandalisme.,Keamanan
Mohon petugas menangani pengangkutan sampah di dekat balai warga karena mengundang lalat.,Kebersihan
Warga mengeluhkan layanan surat pindah di kantor desa karena pelayanan menjadi terhambat.,Administrasi
"Antrian layanan KK di kantor kecamatan tidak jelas, pengajuan tertunda.",Administrasi
Jalan ambrol di RW 03 sehingga mengganggu aktivitas warga.,Infrastruktur
Banjir terjadi di jalan utama akibat hujan deras. Genangan mencapai 30 cm.,Banjir
Warga mengeluhkan lampu jalan retak dan tidak rata di depan sekolah. Kondisi ini menyebabkan kemacetan.,Infrastruktur
jembatan di RW 05 berlubang dan mengganggu aktivitas warga.,Infrastruktur
"Antrian layanan surat pindah di kantor desa terlalu lama, informasi tidak jelas.",Administrasi
"Air meluap di RW 03 karena hujan deras, kondisi berlangsung sejak hujan deras.",Banjir
"Sistem layanan loket pelayanan untuk KK lambat, sehingga informasi tidak jelas.",Administrasi
"Warga melaporkan masalah kebersihan di komplek perumahan, mengganggu warga.",Kebersihan
"Antrian layanan surat domisili di loket pelayanan terlalu lama, warga harus bolak-balik.",Administrasi
Jalan retak dan tidak rata di RW 05 sehingga berpotensi menyebabkan kecelakaan.,Infrastruktur
"Sistem layanan kantor desa untuk KK tidak jelas, sehingga warga harus bolak-balik.",Administrasi
"Sistem layanan mal pelayanan publik untuk KTP tidak jelas, sehingga pengajuan tertunda.",Administrasi
"Sudah beberapa hari jalan di jalan utama berlubang, berpotensi menyebabkan kecelakaan.",Infrastruktur
Banjir terjadi di perempatan akibat hujan deras. Genangan mencapai 50 cm.,Banjir
Jalan tertutup material di depan sekolah sehingga membuat warga kesulitan lewat.,Infrastruktur
"Sering terjadi begal di depan sekolah pada akhir pekan, mohon patroli.",Keamanan
"Saat hujan deras, komplek perumahan tergenang hingga 50 cm karena gorong-gorong tersumbat.",Banjir
Drainase di sekitar puskesmas bermasalah sehingga terjadi banjir 2 hari.,Banjir
Warga mengeluhkan layanan akta kelahiran di loket pelayanan karena pengajuan tertunda.,Administrasi
"Mohon perbaikan trotoar yang ambrol di depan sekolah, karena menyebabkan kemacetan.",Infrastruktur
Warga mengeluhkan jembatan berlubang di jalan utama. Kondisi ini mengganggu aktivitas warga.,Infrastruktur
Pengangkutan sampah di komplek perumahan tidak terangkut sehingga mengganggu warga.,Kebersihan
Mohon petugas menangani TPS di RW 05 karena mengganggu warga.,Kebersihan
Mohon petugas menangani selokan di sekitar puskesmas karena mengganggu aktivitas masyarakat.,Kebersihan
Mohon petugas menangani selokan di komplek perumahan karena membuat lingkungan tidak nyaman.,Kebersihan
Mohon peningkatan keamanan di jalan utama karena terjadi parkir liar.,Keamanan
pencurian terjadi di dekat pasar dan membuat membahayakan pengguna jalan.,Keamanan
"Warga melaporkan masalah kebersihan di depan sekolah, mengganggu aktivitas masyarakat.",Kebersihan
"Mohon penanganan banjir di perempatan, air setinggi 40 cm sejak 2 hari.",Banjir
vandalisme terjadi di RW 03 dan membuat mengganggu ketertiban.,Keamanan
"Saat hujan deras, RW 05 tergenang hingga 50 cm karena drainase tersumbat.",Banjir
Jalan ambrol di RW 03 sehingga membahayakan pengendara.,Infrastruktur
"Area dekat pasar rawan begal, terutama sore hari.",Keamanan
"Kondisi selokan di depan sekolah tidak terangkut, mengundang lalat.",Kebersihan
Jalan rusak parah di RW 05 sehingga membahayakan pengendara.,Infrastruktur
"Sering terjadi begal di RW 03 pada malam hari, mohon patroli.",Keamanan
parkir liar terjadi di jalan utama dan membuat membahayakan pengguna jalan.,Keamanan
lampu jalan di gang kecil tertutup material dan membahayakan pengendara.,Infrastruktur
Mohon petugas menangani TPS di dekat pasar karena mengganggu aktivitas masyarakat.,Kebersihan
"Mohon penanganan banjir di RW 05, air setinggi 10 cm sejak 3 jam.",Banjir
Pengurusan akta kelahiran di loket pelayanan tidak jelas sehingga warga harus bolak-balik.,Administrasi
jalan di jalan menuju halte berlubang dan membahayakan pengendara.,Infrastruktur
Warga mengeluhkan layanan surat pindah di mal pelayanan publik karena informasi tidak jelas.,Administrasi
marka jalan di jalan utama rusak parah dan mengganggu aktivitas warga.,Infrastruktur
pengangkutan sampah berbau di dekat pasar dan membuat lingkungan tidak nyaman.,Kebersihan
Warga melaporkan pencurian di RW 03 yang membahayakan pengguna jalan.,Keamanan
Warga mengeluhkan jembatan rusak di jalan utama. Kondisi ini berpotensi menyebabkan kecelakaan.,Infrastruktur
Warga melaporkan keributan di depan sekolah yang rawan tindakan kriminal.,Keamanan
"Sering terjadi begal di perempatan pada akhir pekan, mohon patroli.",Keamanan
"Kondisi TPS di dekat balai warga tidak terangkut, mengganggu aktivitas masyarakat.",Kebersihan
Pengangkutan sampah di depan sekolah berbau sehingga mengundang lalat.,Kebersihan
Mohon petugas menangani tumpukan sampah di komplek perumahan karena mengganggu warga.,Kebersihan
Warga mengeluhkan jembatan ambrol di jalan utama. Kondisi ini mengganggu aktivitas warga.,Infrastruktur
"Sistem layanan kantor desa untuk KTP tidak jelas, sehingga pelayanan menjadi terhambat.",Administrasi
pengangkutan sampah berbau di depan sekolah dan membuat lingkungan tidak nyaman.,Kebersihan
Warga melaporkan begal di area parkir yang rawan tindakan kriminal.,Keamanan
"Air meluap di sekitar puskesmas karena sungai meluap, kondisi berlangsung sejak pagi.",Banjir
"Antrian layanan surat pindah di loket pelayanan lambat, informasi tidak jelas.",Administrasi
"Sering terjadi keributan di perempatan pada sore hari, mohon patroli.",Keamanan
"Mohon penanganan banjir di perempatan, air setinggi 20 cm sejak sejak hujan deras.",Banjir
Pengangkutan sampah di sekitar puskesmas tidak terangkut sehingga membuat lingkungan tidak nyaman.,Kebersihan
begal terjadi di perempatan dan membuat mengganggu ketertiban.,Keamanan
"Sering terjadi begal di RW 05 pada dini hari, mohon patroli.",Keamanan
"Area area parkir rawan vandalisme, terutama dini hari.",Keamanan
"Sering terjadi balap liar di RW 03 pada dini hari, mohon patroli.",Keamanan
"Air meluap di dekat pasar karena hujan deras, kondisi berlangsung 2 hari.",Banjir
Pengangkutan sampah di sekitar puskesmas tidak terangkut sehingga mengganggu aktivitas masyarakat.,Kebersihan
"Mohon perbaikan trotoar yang retak dan tidak rata di gang kecil, karena membahayakan pengendara.",Infrastruktur
"Antrian layanan surat domisili di kantor desa mengalami gangguan, pengajuan tertunda.",Administrasi
pengangkutan sampah berbau di dekat balai warga dan mengundang lalat.,Kebersihan
vandalisme terjadi di RW 05 dan membuat warga merasa tidak aman.,Keamanan
Mohon peningkatan keamanan di dekat pasar karena terjadi pencurian.,Keamanan
Mohon peningkatan keamanan di RW 05 karena terjadi pencurian.,Keamanan
Pengangkutan sampah di dekat pasar tidak terangkut sehingga mengundang lalat.,Kebersihan
Mohon peningkatan keamanan di depan sekolah karena terjadi parkir liar.,Keamanan
"Sering terjadi keributan di dekat pasar pada dini hari, mohon patroli.",Keamanan
Warga mengeluhkan layanan KK di loket pelayanan karena waktu tunggu terlalu lama.,Administrasi
"Area RW 03 rawan keributan, terutama malam hari.",Keamanan
Banjir terjadi di komplek perumahan akibat drainase tersumbat. Genangan mencapai 30 cm.,Banjir
Banjir terjadi di RW 03 akibat selokan penuh sampah. Genangan mencapai 30 cm.,Banjir
Drainase di RW 03 bermasalah sehingga terjadi banjir 2 hari.,Banjir
"Warga melaporkan masalah kebersihan di RW 05, membuat lingkungan tidak nyaman.",Kebersihan
Mohon peningkatan keamanan di RW 03 karena terjadi pencurian.,Keamanan
Warga melaporkan vandalisme di RW 03 yang rawan tindakan kriminal.,Keamanan
Banjir terjadi di dekat pasar akibat gorong-gorong tersumbat. Genangan mencapai 10 cm.,Banjir
"Mohon perbaikan jalan lingkungan yang ambrol di gang kecil, karena berpotensi menyebabkan kecelakaan.",Infrastruktur
"Mohon penanganan banjir di perempatan, air setinggi 20 cm sejak sejak pagi.",Banjir
"Antrian layanan akta kelahiran di loket pelayanan mengalami gangguan, waktu tunggu terlalu lama.",Administrasi
Warga mengeluhkan lampu jalan rusak di perempatan. Kondisi ini mengganggu aktivitas warga.,Infrastruktur
Warga melaporkan parkir liar di RW 05 yang rawan tindakan kriminal.,Keamanan
Jalan berlubang di jalan utama sehingga berpotensi menyebabkan kecelakaan.,Infrastruktur
Warga mengeluhkan layanan surat domisili di mal pelayanan publik karena pengajuan tertunda.,Administrasi
"Mohon penanganan banjir di jalan utama, air setinggi 20 cm sejak 3 jam.",Banjir
"Saat hujan deras, RW 05 tergenang hingga 50 cm karena gorong-gorong tersumbat.",Banjir
Proses KK di loket pelayanan lambat. Mohon perbaikan pelayanan.,Administrasi
"Sudah beberapa hari jembatan di jalan utama berlubang, menyebabkan kemacetan.",Infrastruktur
Pengangkutan sampah di komplek perumahan berbau sehingga mengganggu warga.,Kebersihan
"Sistem layanan kantor kecamatan untuk surat pindah mengalami gangguan, sehingga warga harus bolak-balik.",Administrasi
"Sistem layanan mal pelayanan publik untuk surat pindah mengalami gangguan, sehingga informasi tidak jelas.",Administrasi
Warga mengeluhkan layanan surat pindah di kelurahan karena pengajuan tertunda.,Administrasi
Warga mengeluhkan layanan akta kelahiran di kelurahan karena pengajuan tertunda.,Administrasi
Proses KTP di kantor desa lambat. Mohon perbaikan pelayanan.,Administrasi
TPS berbau di depan sekolah dan mengganggu aktivitas masyarakat.,Kebersihan
Warga mengeluhkan jalan lingkungan rusak parah di jalan menuju halte. Kondisi ini menyebabkan kemacetan.,Infrastruktur
"Warga melaporkan masalah kebersihan di RW 05, menimbulkan bau menyengat.",Kebersihan
keributan terjadi di depan sekolah dan membuat rawan tindakan kriminal.,Keamanan
"Area depan sekolah rawan begal, terutama malam hari.",Keamanan
"Mohon perbaikan lampu jalan yang ambrol di dekat pasar, karena membahayakan pengendara.",Infrastruktur
"Sering terjadi pencurian di RW 05 pada dini hari, mohon patroli.",Keamanan
"Sudah beberapa hari lampu jalan di perempatan rusak, berpotensi menyebabkan kecelakaan.",Infrastruktur
"Sering terjadi begal di jalan utama pada sore hari, mohon patroli.",Keamanan
"Sistem layanan loket pelayanan untuk surat domisili mengalami gangguan, sehingga waktu tunggu terlalu lama.",Administrasi
"Kondisi TPS di depan sekolah berbau, menimbulkan bau menyengat.",Kebersihan
"Kondisi tumpukan sampah di komplek perumahan kotor, mengundang lalat.",Kebersihan
"Sistem layanan loket pelayanan untuk surat pindah lambat, sehingga informasi tidak jelas.",Administrasi
Warga melaporkan keributan di RW 05 yang mengganggu ketertiban.,Keamanan
Mohon peningkatan keamanan di jalan utama karena terjadi pencurian.,Keamanan
Pengurusan akta kelahiran di kelurahan lambat sehingga pengajuan tertunda.,Administrasi
"Kondisi tumpukan sampah di RW 03 meluap, mengganggu aktivitas masyarakat.",Kebersihan
"Saat hujan deras, RW 05 tergenang hingga 10 cm karena hujan deras.",Banjir
Jalan berlubang di perempatan sehingga mengganggu aktivitas warga.,Infrastruktur
"Mohon perbaikan marka jalan yang tertutup material di RW 03, karena berpotensi menyebabkan kecelakaan.",Infrastruktur
pencurian terjadi di RW 05 dan membuat warga merasa tidak aman.,Keamanan
Proses surat domisili di kelurahan lambat. Mohon perbaikan pelayanan.,Administrasi
"Sistem layanan kelurahan untuk surat pindah lambat, sehingga waktu tunggu terlalu lama.",Administrasi
"Mohon perbaikan marka jalan yang retak dan tidak rata di RW 05, karena menyebabkan kemacetan.",Infrastruktur
pencurian terjadi di jalan utama dan membuat mengganggu ketertiban.,Keamanan
"Kondisi sampah di dekat balai warga meluap, membuat lingkungan tidak nyaman.",Kebersihan
Pengangkutan sampah di RW 03 menumpuk sehingga membuat lingkungan tidak nyaman.,Kebersihan
"Saat hujan deras, perempatan tergenang hingga 10 cm karena drainase tersumbat.",Banjir
Pengurusan surat pindah di mal pelayanan publik terlalu lama sehingga informasi tidak jelas.,Administrasi
"Mohon perbaikan lampu jalan yang tertutup material di jalan menuju halte, karena menyebabkan kemacetan.",Infrastruktur
"Area depan sekolah rawan vandalisme, terutama dini hari.",Keamanan
Mohon petugas menangani TPS di RW 05 karena mengganggu aktivitas masyarakat.,Kebersihan
"Area RW 05 rawan pencurian, terutama dini hari.",Keamanan
"Area RW 05 rawan pencurian, terutama malam hari.",Keamanan
Mohon peningkatan keamanan di RW 03 karena terjadi parkir liar.,Keamanan
"Kondisi sampah di dekat pasar tidak terangkut, mengundang lalat.",Kebersihan
sampah kotor di RW 03 dan mengganggu warga.,Kebersihan
Mohon peningkatan keamanan di RW 03 karena terjadi begal.,Keamanan
"Kondisi selokan di dekat pasar menumpuk, mengundang lalat.",Kebersihan
"Sudah beberapa hari jalan lingkungan di gang kecil tertutup material, mengganggu aktivitas warga.",Infrastruktur
"Air meluap di komplek perumahan karena hujan deras, kondisi berlangsung sejak hujan deras.",Banjir
Pengurusan surat domisili di kantor desa terlalu lama sehingga pelayanan menjadi terhambat.,Administrasi
Proses surat pindah di loket pelayanan mengalami gangguan. Mohon perbaikan pelayanan.,Administrasi
"Kondisi TPS di dekat pasar meluap, mengundang lalat.",Kebersihan
"Kondisi selokan di RW 03 menumpuk, mengganggu warga.",Kebersihan
trotoar di depan sekolah retak dan tidak rata dan membuat warga kesulitan lewat.,Infrastruktur
"Mohon penanganan banjir di dekat pasar, air setinggi 30 cm sejak 1 jam.",Banjir
"Mohon penanganan banjir di RW 05, air setinggi 20 cm sejak 2 hari.",Banjir
"Sering terjadi vandalisme di RW 05 pada malam hari, mohon patroli.",Keamanan
Banjir terjadi di sekitar puskesmas akibat drainase tersumbat. Genangan mencapai 50 cm.,Banjir
jembatan di gang kecil rusak parah dan mengganggu aktivitas warga.,Infrastruktur
"Saat hujan deras, RW 05 tergenang hingga 30 cm karena sungai meluap.",Banjir
"Sistem layanan kantor kecamatan untuk surat pindah tidak jelas, sehingga pelayanan menjadi terhambat.",Administrasi
keributan terjadi di depan sekolah dan membuat warga merasa tidak aman.,Keamanan
"Sering terjadi begal di RW 03 pada sore hari, mohon patroli.",Keamanan
"Warga melaporkan masalah kebersihan di depan sekolah, mengundang lalat.",Kebersihan
"Air meluap di dekat pasar karena selokan penuh sampah, kondisi berlangsung 3 jam.",Banjir
trotoar di jalan utama rusak dan membahayakan pengendara.,Infrastruktur
"Air meluap di jalan utama karena gorong-gorong tersumbat, kondisi berlangsung 1 jam.",Banjir
"Mohon perbaikan jalan lingkungan yang berlubang di RW 03, karena menyebabkan kemacetan.",Infrastruktur
tumpukan sampah tidak terangkut di dekat balai warga dan mengganggu aktivitas masyarakat.,Kebersihan
Mohon petugas menangani pengangkutan sampah di dekat pasar karena mengganggu warga.,Kebersihan
"Antrian layanan surat pindah di kantor kecamatan mengalami gangguan, warga harus bolak-balik.",Administrasi
jalan di RW 03 tertutup material dan membuat warga kesulitan lewat.,Infrastruktur
Pengurusan surat domisili di kantor kecamatan terlalu lama sehingga pengajuan tertunda.,Administrasi
pencurian terjadi di RW 05 dan membuat membahayakan pengguna jalan.,Keamanan
"Mohon penanganan banjir di sekitar puskesmas, air setinggi 50 cm sejak 3 jam.",Banjir
"Saat hujan deras, sekitar puskesmas tergenang hingga 10 cm karena selokan penuh sampah.",Banjir
"Saat hujan deras, komplek perumahan tergenang hingga 20 cm karena hujan deras.",Banjir
Banjir terjadi di perempatan akibat selokan penuh sampah. Genangan mencapai 10 cm.,Banjir
"Sistem layanan kantor kecamatan untuk surat domisili mengalami gangguan, sehingga pelayanan menjadi terhambat.",Administrasi
"Saat hujan deras, jalan utama tergenang hingga 50 cm karena hujan deras.",Banjir
"Mohon perbaikan trotoar yang tertutup material di dekat pasar, karena menyebabkan kemacetan.",Infrastruktur
balap liar terjadi di dekat pasar dan membuat mengganggu ketertiban.,Keamanan
Warga mengeluhkan marka jalan rusak di RW 03. Kondisi ini berpotensi menyebabkan kecelakaan.,Infrastruktur
"Warga melaporkan masalah kebersihan di depan sekolah, mengganggu warga.",Kebersihan
"Sering terjadi pencurian di area parkir pada sore hari, mohon patroli.",Keamanan
Warga mengeluhkan jalan lingkungan rusak parah di RW 05. Kondisi ini membuat warga kesulitan lewat.,Infrastruktur
Banjir terjadi di RW 03 akibat sungai meluap. Genangan mencapai 50 cm.,Banjir
"Sering terjadi balap liar di area parkir pada dini hari, mohon patroli.",Keamanan
"Area depan sekolah rawan begal, terutama akhir pekan.",Keamanan
TPS menumpuk di RW 03 dan mengundang lalat.,Kebersihan
"Sering terjadi pencurian di RW 03 pada dini hari, mohon patroli.",Keamanan
pencurian terjadi di RW 03 dan membuat rawan tindakan kriminal.,Keamanan
Banjir terjadi di RW 03 akibat selokan penuh sampah. Genangan mencapai 50 cm.,Banjir
Drainase di RW 05 bermasalah sehingga terjadi banjir 1 jam.,Banjir
"Antrian layanan surat pindah di kantor desa terlalu lama, pelayanan menjadi terhambat.",Administrasi
Jalan rusak di jalan utama sehingga membuat warga kesulitan lewat.,Infrastruktur
Pengangkutan sampah di dekat pasar menumpuk sehingga mengundang lalat.,Kebersihan
Banjir terjadi di jalan utama akibat drainase tersumbat. Genangan mencapai 20 cm.,Banjir
Pengangkutan sampah di RW 05 meluap sehingga mengganggu warga.,Kebersihan
"Kondisi sampah di dekat pasar tidak terangkut, membuat lingkungan tidak nyaman.",Kebersihan
"Saat hujan deras, RW 03 tergenang hingga 40 cm karena selokan penuh sampah.",Banjir
Jalan tertutup material di dekat pasar sehingga berpotensi menyebabkan kecelakaan.,Infrastruktur
"Sering terjadi begal di perempatan pada malam hari, mohon patroli.",Keamanan
Mohon petugas menangani pengangkutan sampah di dekat pasar karena mengundang lalat.,Kebersihan
"Area RW 05 rawan begal, terutama sore hari.",Keamanan
Mohon petugas menangani tumpukan sampah di depan sekolah karena mengundang lalat.,Kebersihan
"Air meluap di komplek perumahan karena hujan deras, kondisi berlangsung 2 hari.",Banjir
Warga melaporkan parkir liar di jalan utama yang rawan tindakan kriminal.,Keamanan
"Kondisi sampah di dekat balai warga berbau, mengundang lalat.",Kebersihan
"Sudah beberapa hari jalan lingkungan di jalan utama rusak parah, menyebabkan kemacetan.",Infrastruktur
Jalan rusak di perempatan sehingga membahayakan pengendara.,Infrastruktur
Warga melaporkan keributan di dekat pasar yang warga merasa tidak aman.,Keamanan
"Sudah beberapa hari trotoar di RW 05 berlubang, menyebabkan kemacetan.",Infrastruktur
jalan lingkungan di RW 03 ambrol dan mengganggu aktivitas warga.,Infrastruktur
"Kondisi pengangkutan sampah di dekat balai warga kotor, menimbulkan bau menyengat.",Kebersihan
parkir liar terjadi di jalan utama dan membuat warga merasa tidak aman.,Keamanan
"Sering terjadi vandalisme di dekat pasar pada malam hari, mohon patroli.",Keamanan
"Warga melaporkan masalah kebersihan di sekitar puskesmas, mengganggu warga.",Kebersihan
Mohon petugas menangani tumpukan sampah di dekat balai warga karena membuat lingkungan tidak nyaman.,Kebersihan
trotoar di gang kecil rusak parah dan berpotensi menyebabkan kecelakaan.,Infrastruktur
"Sering terjadi balap liar di dekat pasar pada dini hari, mohon patroli.",Keamanan
Banjir terjadi di komplek perumahan akibat drainase tersumbat. Genangan mencapai 10 cm.,Banjir
Jalan rusak di dekat pasar sehingga membahayakan pengendara.,Infrastruktur
"Kondisi tumpukan sampah di depan sekolah berbau, mengganggu aktivitas masyarakat.",Kebersihan
"Sering terjadi vandalisme di area parkir pada malam hari, mohon patroli.",Keamanan
Mohon peningkatan keamanan di RW 05 karena terjadi keributan.,Keamanan
"Area jalan utama rawan vandalisme, terutama sore hari.",Keamanan
"Mohon perbaikan jalan yang berlubang di jalan utama, karena mengganggu aktivitas warga.",Infrastruktur
"Mohon penanganan banjir di perempatan, air setinggi 10 cm sejak sejak hujan deras.",Banjir
"Sudah beberapa hari trotoar di dekat pasar rusak, mengganggu aktivitas warga.",Infrastruktur
"Antrian layanan surat pindah di kantor kecamatan tidak jelas, warga harus bolak-balik.",Administrasi
trotoar di perempatan ambrol dan mengganggu aktivitas warga.,Infrastruktur
Drainase di RW 05 bermasalah sehingga terjadi banjir sejak hujan deras.,Banjir
selokan menumpuk di dekat balai warga dan mengundang lalat.,Kebersihan
Jalan retak dan tidak rata di perempatan sehingga membahayakan pengendara.,Infrastruktur
"Antrian layanan KK di kantor kecamatan tertunda, informasi tidak jelas.",Administrasi
Warga mengeluhkan marka jalan berlubang di jalan menuju halte. Kondisi ini membahayakan pengendara.,Infrastruktur
"Mohon penanganan banjir di perempatan, air setinggi 40 cm sejak sejak pagi.",Banjir
Proses KTP di kantor kecamatan mengalami gangguan. Mohon perbaikan pelayanan.,Administrasi
tumpukan sampah tidak terangkut di depan sekolah dan menimbulkan bau menyengat.,Kebersihan
Banjir terjadi di sekitar puskesmas akibat hujan deras. Genangan mencapai 40 cm.,Banjir
"Antrian layanan akta kelahiran di kantor kecamatan terlalu lama, pelayanan menjadi terhambat.",Administrasi
selokan penuh di dekat pasar dan mengganggu warga.,Kebersihan
Warga mengeluhkan layanan KTP di mal pelayanan publik karena pelayanan menjadi terhambat.,Administrasi
"Warga melaporkan masalah kebersihan di RW 03, membuat lingkungan tidak nyaman.",Kebersihan
Warga mengeluhkan jalan lingkungan rusak di depan sekolah. Kondisi ini berpotensi menyebabkan kecelakaan.,Infrastruktur
"Kondisi pengangkutan sampah di RW 05 tidak terangkut, mengganggu aktivitas masyarakat.",Kebersihan
Warga mengeluhkan jalan berlubang di jalan utama. Kondisi ini menyebabkan kemacetan.,Infrastruktur
Proses KK di mal pelayanan publik terlalu lama. Mohon perbaikan pelayanan.,Administrasi
Proses surat pindah di kelurahan lambat. Mohon perbaikan pelayanan.,Administrasi
"Air meluap di jalan utama karena hujan deras, kondisi berlangsung sejak hujan deras.",Banjir
"Sistem layanan loket pelayanan untuk surat pindah tertunda, sehingga pengajuan tertunda.",Administrasi
"Kondisi pengangkutan sampah di komplek perumahan menumpuk, membuat lingkungan tidak nyaman.",Kebersihan
Mohon peningkatan keamanan di depan sekolah karena terjadi balap liar.,Keamanan
Mohon peningkatan keamanan di dekat pasar karena terjadi begal.,Keamanan
Drainase di sekitar puskesmas bermasalah sehingga terjadi banjir 3 jam.,Banjir
Jalan tertutup material di jalan menuju halte sehingga membuat warga kesulitan lewat.,Infrastruktur
Pengangkutan sampah di sekitar puskesmas meluap sehingga membuat lingkungan tidak nyaman.,Kebersihan
Warga melaporkan balap liar di RW 03 yang mengganggu ketertiban.,Keamanan
Proses surat domisili di loket pelayanan mengalami gangguan. Mohon perbaikan pelayanan.,Administrasi
"Kondisi sampah di RW 05 berbau, mengganggu warga.",Kebersihan
jembatan di jalan utama rusak dan membuat warga kesulitan lewat.,Infrastruktur
"Mohon perbaikan marka jalan yang ambrol di dekat pasar, karena membahayakan pengendara.",Infrastruktur
"Saat hujan deras, dekat pasar tergenang hingga 50 cm karena hujan deras.",Banjir
Banjir terjadi di perempatan akibat gorong-gorong tersumbat. Genangan mencapai 20 cm.,Banjir
"Sering terjadi keributan di area parkir pada akhir pekan, mohon patroli.",Keamanan
"Antrian layanan KK di kantor kecamatan terlalu lama, informasi tidak jelas.",Administrasi
"Antrian layanan KTP di mal pelayanan publik lambat, warga harus bolak-balik.",Administrasi
Warga mengeluhkan lampu jalan rusak di jalan menuju halte. Kondisi ini menyebabkan kemacetan.,Infrastruktur
sampah kotor di dekat balai warga dan mengganggu aktivitas masyarakat.,Kebersihan
"Kondisi selokan di dekat balai warga menumpuk, mengundang lalat.",Kebersihan
Pengurusan KK di mal pelayanan publik terlalu lama sehingga pelayanan menjadi terhambat.,Administrasi
"Warga melaporkan masalah kebersihan di dekat pasar, menimbulkan bau menyengat.",Kebersihan
Warga mengeluhkan jembatan retak dan tidak rata di jalan utama. Kondisi ini membuat warga kesulitan lewat.,Infrastruktur
"Air meluap di sekitar puskesmas karena gorong-gorong tersumbat, kondisi berlangsung sejak hujan deras.",Banjir
"Antrian layanan akta kelahiran di kelurahan tidak jelas, pelayanan menjadi terhambat.",Administrasi
Proses akta kelahiran di kantor kecamatan terlalu lama. Mohon perbaikan pelayanan.,Administrasi
Banjir terjadi di sekitar puskesmas akibat drainase tersumbat. Genangan mencapai 20 cm.,Banjir
"Kondisi sampah di komplek perumahan penuh, mengganggu aktivitas masyarakat.",Kebersihan
selokan meluap di komplek perumahan dan mengundang lalat.,Kebersihan
Pengangkutan sampah di dekat pasar penuh sehingga mengganggu aktivitas masyarakat.,Kebersihan
"Air meluap di RW 03 karena sungai meluap, kondisi berlangsung 3 jam.",Banjir
Warga mengeluhkan jembatan berlubang di jalan menuju halte. Kondisi ini membuat warga kesulitan lewat.,Infrastruktur
"Sistem layanan kantor desa untuk KK tertunda, sehingga pelayanan menjadi terhambat.",Administrasi
Proses surat domisili di kantor kecamatan tidak jelas. Mohon perbaikan pelayanan.,Administrasi
Mohon petugas menangani selokan di sekitar puskesmas karena mengganggu warga.,Kebersihan
begal terjadi di dekat pasar dan membuat rawan tindakan kriminal.,Keamanan
"Mohon penanganan banjir di dekat pasar, air setinggi 40 cm sejak sejak pagi.",Banjir
"Kondisi selokan di komplek perumahan berbau, mengganggu aktivitas masyarakat.",Kebersihan
Drainase di dekat pasar bermasalah sehingga terjadi banjir sejak hujan deras.,Banjir
Warga mengeluhkan layanan surat pindah di kantor desa karena warga harus bolak-balik.,Administrasi
sampah penuh di dekat pasar dan mengundang lalat.,Kebersihan
Pengangkutan sampah di depan sekolah berbau sehingga menimbulkan bau menyengat.,Kebersihan
keributan terjadi di RW 05 dan membuat rawan tindakan kriminal.,Keamanan
Warga mengeluhkan jalan berlubang di gang kecil. Kondisi ini menyebabkan kemacetan.,Infrastruktur
"Mohon perbaikan trotoar yang rusak parah di dekat pasar, karena membahayakan pengendara.",Infrastruktur
selokan kotor di sekitar puskesmas dan mengganggu aktivitas masyarakat.,Kebersihan
"Sistem layanan kelurahan untuk surat pindah terlalu lama, sehingga waktu tunggu terlalu lama.",Administrasi
"Area perempatan rawan parkir liar, terutama malam hari.",Keamanan
Warga mengeluhkan trotoar rusak di dekat pasar. Kondisi ini mengganggu aktivitas warga.,Infrastruktur
Warga mengeluhkan jalan lingkungan tertutup material di gang kecil. Kondisi ini membuat warga kesulitan lewat.,Infrastruktur
"Saat hujan deras, dekat pasar tergenang hingga 30 cm karena gorong-gorong tersumbat.",Banjir
Pengangkutan sampah di RW 03 kotor sehingga mengganggu aktivitas masyarakat.,Kebersihan
Pengangkutan sampah di RW 03 penuh sehingga mengganggu aktivitas masyarakat.,Kebersihan
Banjir terjadi di RW 05 akibat gorong-gorong tersumbat. Genangan mencapai 40 cm.,Banjir
"Sering terjadi vandalisme di depan sekolah pada malam hari, mohon patroli.",Keamanan
"Saat hujan deras, perempatan tergenang hingga 10 cm karena hujan deras.",Banjir
"Area RW 05 rawan balap liar, terutama dini hari.",Keamanan
Proses KTP di mal pelayanan publik tertunda. Mohon perbaikan pelayanan.,Administrasi
"Saat hujan deras, dekat pasar tergenang hingga 50 cm karena gorong-gorong tersumbat.",Banjir
Mohon peningkatan keamanan di depan sekolah karena terjadi pencurian.,Keamanan
Warga melaporkan keributan di jalan utama yang warga merasa tidak aman.,Keamanan
TPS tidak terangkut di sekitar puskesmas dan mengundang lalat.,Kebersihan
"Mohon penanganan banjir di sekitar puskesmas, air setinggi 40 cm sejak 1 jam.",Banjir
"Mohon perbaikan lampu jalan yang retak dan tidak rata di perempatan, karena membuat warga kesulitan lewat.",Infrastruktur
Proses akta kelahiran di loket pelayanan mengalami gangguan. Mohon perbaikan pelayanan.,Administrasi
Mohon peningkatan keamanan di dekat pasar karena terjadi parkir liar.,Keamanan
"Air meluap di RW 03 karena hujan deras, kondisi berlangsung 2 hari.",Banjir
"Warga melaporkan masalah kebersihan di dekat pasar, mengganggu aktivitas masyarakat.",Kebersihan
"Kondisi pengangkutan sampah di RW 05 meluap, mengganggu warga.",Kebersihan
selokan kotor di komplek perumahan dan mengganggu aktivitas masyarakat.,Kebersihan
Pengurusan surat pindah di kantor desa tertunda sehingga warga harus bolak-balik.,Administrasi
Drainase di jalan utama bermasalah sehingga terjadi banjir sejak hujan deras.,Banjir
Pengurusan KTP di kelurahan tertunda sehingga pengajuan tertunda.,Administrasi
Mohon peningkatan keamanan di perempatan karena terjadi vandalisme.,Keamanan
"Kondisi pengangkutan sampah di depan sekolah meluap, mengganggu aktivitas masyarakat.",Kebersihan
"Saat hujan deras, RW 03 tergenang hingga 50 cm karena hujan deras.",Banjir
Proses surat pindah di mal pelayanan publik lambat. Mohon perbaikan pelayanan.,Administrasi
"Area perempatan rawan balap liar, terutama akhir pekan.",Keamanan
Warga melaporkan begal di RW 05 yang mengganggu ketertiban.,Keamanan
"Area area parkir rawan balap liar, terutama sore hari.",Keamanan
"Kondisi selokan di dekat balai warga tidak terangkut, menimbulkan bau menyengat.",Kebersihan
"Sistem layanan kantor desa untuk surat pindah tertunda, sehingga warga harus bolak-balik.",Administrasi
"Sistem layanan kelurahan untuk surat pindah tidak jelas, sehingga warga harus bolak-balik.",Administrasi
"Sering terjadi pencurian di perempatan pada dini hari, mohon patroli.",Keamanan
Proses KK di kelurahan terlalu lama. Mohon perbaikan pelayanan.,Administrasi
Pengurusan KTP di kelurahan tertunda sehingga pelayanan menjadi terhambat.,Administrasi
Proses KTP di kantor desa mengalami gangguan. Mohon perbaikan pelayanan.,Administrasi
Mohon petugas menangani TPS di RW 03 karena menimbulkan bau menyengat.,Kebersihan
Mohon peningkatan keamanan di area parkir karena terjadi balap liar.,Keamanan
Pengangkutan sampah di sekitar puskesmas meluap sehingga menimbulkan bau menyengat.,Kebersihan
Warga mengeluhkan layanan surat domisili di mal pelayanan publik karena waktu tunggu terlalu lama.,Administrasi
"Sering terjadi balap liar di RW 05 pada malam hari, mohon patroli.",Keamanan
"Sistem layanan mal pelayanan publik untuk surat pindah terlalu lama, sehingga waktu tunggu terlalu lama.",Administrasi
"Kondisi selokan di depan sekolah penuh, menimbulkan bau menyengat.",Kebersihan
Mohon petugas menangani TPS di dekat balai warga karena membuat lingkungan tidak nyaman.,Kebersihan
Proses KTP di loket pelayanan tertunda. Mohon perbaikan pelayanan.,Administrasi
"Mohon penanganan banjir di perempatan, air setinggi 50 cm sejak 1 jam.",Banjir
Jalan rusak di perempatan sehingga membuat warga kesulitan lewat.,Infrastruktur
Proses surat domisili di kantor desa tertunda. Mohon perbaikan pelayanan.,Administrasi
parkir liar terjadi di RW 05 dan membuat membahayakan pengguna jalan.,Keamanan
Warga mengeluhkan jalan rusak di perempatan. Kondisi ini berpotensi menyebabkan kecelakaan.,Infrastruktur
parkir liar terjadi di perempatan dan membuat rawan tindakan kriminal.,Keamanan
"Sistem layanan mal pelayanan publik untuk surat pindah tidak jelas, sehingga informasi tidak jelas.",Administrasi
"Air meluap di sekitar puskesmas karena sungai meluap, kondisi berlangsung sejak hujan deras.",Banjir
"Mohon penanganan banjir di perempatan, air setinggi 10 cm sejak sejak pagi.",Banjir
"Area RW 05 rawan begal, terutama dini hari.",Keamanan
"Saat hujan deras, perempatan tergenang hingga 40 cm karena hujan deras.",Banjir
Jalan retak dan tidak rata di depan sekolah sehingga mengganggu aktivitas warga.,Infrastruktur
"Air meluap di perempatan karena selokan penuh sampah, kondisi berlangsung 2 hari.",Banjir
Mohon petugas menangani pengangkutan sampah di RW 05 karena mengganggu aktivitas masyarakat.,Kebersihan
"Kondisi pengangkutan sampah di depan sekolah berbau, menimbulkan bau menyengat.",Kebersihan
Warga mengeluhkan trotoar rusak parah di dekat pasar. Kondisi ini membuat warga kesulitan lewat.,Infrastruktur
Jalan rusak di gang kecil sehingga mengganggu aktivitas warga.,Infrastruktur
Pengurusan akta kelahiran di loket pelayanan terlalu lama sehingga informasi tidak jelas.,Administrasi
Mohon petugas menangani TPS di sekitar puskesmas karena mengganggu aktivitas masyarakat.,Kebersihan
pencurian terjadi di RW 03 dan membuat warga merasa tidak aman.,Keamanan
Jalan berlubang di depan sekolah sehingga berpotensi menyebabkan kecelakaan.,Infrastruktur
Warga melaporkan keributan di RW 05 yang rawan tindakan kriminal.,Keamanan
"Kondisi TPS di dekat pasar meluap, membuat lingkungan tidak nyaman.",Kebersihan
vandalisme terjadi di dekat pasar dan membuat membahayakan pengguna jalan.,Keamanan
Warga mengeluhkan layanan KTP di mal pelayanan publik karena warga harus bolak-balik.,Administrasi
"Sering terjadi begal di RW 05 pada sore hari, mohon patroli.",Keamanan
Banjir terjadi di perempatan akibat gorong-gorong tersumbat. Genangan mencapai 50 cm.,Banjir
"Antrian layanan surat domisili di mal pelayanan publik lambat, pelayanan menjadi terhambat.",Administrasi
Pengangkutan sampah di RW 05 meluap sehingga mengganggu aktivitas masyarakat.,Kebersihan
Warga mengeluhkan layanan KK di kelurahan karena pengajuan tertunda.,Administrasi
"Warga melaporkan masalah kebersihan di dekat pasar, mengundang lalat.",Kebersihan
Pengurusan akta kelahiran di kantor kecamatan tertunda sehingga warga harus bolak-balik.,Administrasi
begal terjadi di RW 05 dan membuat mengganggu ketertiban.,Keamanan
keributan terjadi di depan sekolah dan membuat membahayakan pengguna jalan.,Keamanan
Pengangkutan sampah di dekat pasar kotor sehingga mengganggu aktivitas masyarakat.,Kebersihan
Jalan rusak di depan sekolah sehingga mengganggu aktivitas warga.,Infrastruktur
Mohon peningkatan keamanan di jalan utama karena terjadi balap liar.,Keamanan
"Kondisi tumpukan sampah di depan sekolah penuh, mengganggu aktivitas masyarakat.",Kebersihan
"Antrian layanan surat domisili di kantor desa tertunda, pengajuan tertunda.",Administrasi
jalan di dekat pasar berlubang dan berpotensi menyebabkan kecelakaan.,Infrastruktur
Warga mengeluhkan jembatan rusak di dekat pasar. Kondisi ini menyebabkan kemacetan.,Infrastruktur
Pengurusan KK di kelurahan mengalami gangguan sehingga pelayanan menjadi terhambat.,Administrasi
Banjir terjadi di dekat pasar akibat sungai meluap. Genangan mencapai 30 cm.,Banjir
begal terjadi di RW 05 dan membuat rawan tindakan kriminal.,Keamanan
vandalisme terjadi di dekat pasar dan membuat rawan tindakan kriminal.,Keamanan
Pengangkutan sampah di komplek perumahan kotor sehingga membuat lingkungan tidak nyaman.,Kebersihan
"Antrian layanan akta kelahiran di loket pelayanan terlalu lama, warga harus bolak-balik.",Administrasi
"Mohon penanganan banjir di perempatan, air setinggi 30 cm sejak 3 jam.",Banjir
"Sudah beberapa hari marka jalan di jalan utama rusak, membuat warga kesulitan lewat.",Infrastruktur
"Antrian layanan surat domisili di kantor kecamatan mengalami gangguan, pelayanan menjadi terhambat.",Administrasi
selokan menumpuk di dekat balai warga dan mengganggu warga.,Kebersihan
trotoar di jalan utama berlubang dan berpotensi menyebabkan kecelakaan.,Infrastruktur
Banjir terjadi di dekat pasar akibat hujan deras. Genangan mencapai 30 cm.,Banjir
Pengurusan KTP di loket pelayanan tidak jelas sehingga warga harus bolak-balik.,Administrasi
Mohon petugas menangani pengangkutan sampah di komplek perumahan karena mengganggu aktivitas masyarakat.,Kebersihan
"Sistem layanan kelurahan untuk KK lambat, sehingga waktu tunggu terlalu lama.",Administrasi
"Warga melaporkan masalah kebersihan di RW 05, mengganggu aktivitas masyarakat.",Kebersihan
"Mohon perbaikan jalan lingkungan yang retak dan tidak rata di jalan utama, karena menyebabkan kemacetan.",Infrastruktur
Mohon peningkatan keamanan di RW 05 karena terjadi parkir liar.,Keamanan
"Area area parkir rawan begal, terutama sore hari.",Keamanan
Warga melaporkan vandalisme di RW 03 yang mengganggu ketertiban.,Keamanan
"Mohon penanganan banjir di jalan utama, air setinggi 50 cm sejak 2 hari.",Banjir
Banjir terjadi di sekitar puskesmas akibat sungai meluap. Genangan mencapai 50 cm.,Banjir
"Mohon penanganan banjir di RW 05, air setinggi 30 cm sejak sejak pagi.",Banjir
"Sistem layanan kantor kecamatan untuk surat pindah mengalami gangguan, sehingga informasi tidak jelas.",Administrasi
"Sering terjadi vandalisme di RW 03 pada dini hari, mohon patroli.",Keamanan
"Sistem layanan mal pelayanan publik untuk akta kelahiran tidak jelas, sehingga informasi tidak jelas.",Administrasi
